Rekkefølge;År;Hovedlokalitet;Hovedlokkode;Sted;Nr;Mnd;Dag;Hab;Art;Populasjon;ArtPop;Vekt;Lengde;Lencm;Lengrcm;Kond;Kjønn;Stadium;Operculum;Alder;ALDOK;AltAld;AldMerkn;Mage;MC;Azygia;Gjeddemakk;Gjellelus;Muskel;SIA;Merknad;FG;Bosmina;Daphnia;Holoped;Bythotrep;Polyph;Leptodora;CyclCop;CalCop;Acantocycl;Littorale småkreps;Linsekreps;Krystallkr;Muslingkr;Marflo;Asell;Damsnegl;Skivesnegl;Gjellesnegl;Ertemusl;Luftins;ChirPup;ChirLarv;VårflPup;VårflLMHus;VårflLUHus;Døgnfll;Steinfll;Muddfll;Stankelbl;Vannbiller;Vannmidd;FiskUid;90pigg;sik;lagesild;UidCoreg;abbor;ørekyte;lake;gjedde;ørret;niøye;Egg;Annet;UidInsL;UidPlankt;Uid;Mageanmerkn;;;;Piscivorous
127;2018;Skrukkebukta;2;SB;1034;9;10;1;2;;2;13,2;104;10,4;10;1,173475193;1;1;+;2;1;-;; +;-;-;-;0;+;-;isotope sample w/muscle sample;0;;;;;;;;;;;;;;;;;;;;;;;;;;;;;;;;;;;;;;;;;;;;;;;;;;;;0
994;2020;Skrukkebukta;2;SB;1062;9;11;1;2;-;2;13,5;104;10,4;10;1,200145084;1;1;+;2;1;-;;+;-;-;-;0;+;-;;70;;;;;;;;;;;70;;;;;;;;;;;;;;;;;;;;;;;;;;;;;;;;;;;;;;;;;0
138;2018;Skrukkebukta;2;SB;1045;9;10;1;2;;2;12,4;107;10,7;10;1,012209367;2;1;+;2;1;-;; +;-;-;-;0;+;-;isotope sample w/muscle sample;59;;;;;;;;;;;;;;;;;;;;;;;;;;;;;;;0,5;56;;;;;;;;;;;;;2,5;;;Ser kun skjell og rest av insektSBen.;;;;1
126;2018;Skrukkebukta;2;SB;1033;9;10;1;2;;2;15;109;10,9;10;1,15827522;1;1;+;3;1;-;; +;-;-;-;0;+;-;isotope sample w/muscle sample;0;;;;;;;;;;;;;;;;;;;;;;;;;;;;;;;;;;;;;;;;;;;;;;;;;;;;0
995;2020;Skrukkebukta;2;SB;1063;9;11;1;2;-;2;14,3;110;11;11;1,074380165;2;1;+;2;1;1;;+;-;-;-;0;+;-;;0;;;;;;;;;;;;;;;;;;;;;;;;;;;;;;;;;;;;;;;;;;;;;;;;;;;;0
993;2020;Skrukkebukta;2;SB;1061;9;11;1;2;-;2;15,8;110;11;11;1,187077385;2;2;+;2;1;1;;+;-;-;-;0;+;-;;50;;;;;;;;;;;50;;;;;;;;;;;;;;;;;;;;;;;;;;;;;;;;;;;;;;;;;0
110;2018;Skrukkebukta;2;SB;1017;9;10;1;2;;2;16,2;114;11,4;11;1,093453856;1;1;+;3;1;-;; +;-;-;-;0;+;-;isotope sample w/muscle sample;42;1;;;;;;;;;;5;;;;;;;;;36;;;;;;;;;;;;;;;;;;;;;;;;;;;;;;;;0
125;2018;Skrukkebukta;2;SB;1032;9;10;1;2;;2;16,8;115;11,5;11;1,10462727;1;1;+;2;1;3;; +;-;-;-;0;+;-;isotope sample w/muscle sample;20;;;;;;;;;;;;;;;;;;;;15;;;;;5;;;;;;;;;;;;;;;;;;;;;;;Vannmidd tilstede, men kun 1.;;;;0
112;2018;Skrukkebukta;2;SB;1019;9;10;1;2;;2;16,6;117;11,7;11;1,036455124;1;1;+;2;1;-;; +;-;-;-;0;+;-;isotope sample w/muscle sample;0;;;;;;;;;;;;;;;;;;;;;;;;;;;;;;;;;;;;;;;;;;;;;;;;;;;;0
137;2018;Skrukkebukta;2;SB;1044;9;10;1;2;;2;16,8;121;12,1;12;0,948316202;2;1;+;2;1;-;; +;-;-;-;0;+;-;isotope sample w/muscle sample;1;;;;;;;;;;;;;;;;;;;;;;;;;;;;;;;;;;;;;;;;;;;;;;1;;Godt fordøyd;;;;0
136;2018;Skrukkebukta;2;SB;1043;9;10;1;2;;2;22;125;12,5;12;1,1264;2;1;+;2;1;-;; +;-;-;-;0;+;-;isotope sample w/muscle sample;10;;;;;;;;;;;;;;;;;;;;;;10;;;;;;;;;;;;;;;;;;;;;;;;;;;;;;0
1653;2021;Skrukkebukta;2;SB;1031;9;9;1;2;         -;2;23,4;128;12,8;12;1,11579895;2;1;       +;;;;;;        -;        -;        -;0;        +;1;;0;;;;;;;;;;;;;;;;;;;;;;;;;;;;;;;;;;;;;;;;;;;;;;;;;;;;0
124;2018;Skrukkebukta;2;SB;1031;9;10;1;2;;2;23,4;130;13;13;1,065088757;1;1;+;4;1;-;; +;-;-;-;0;+;-;isotope sample w/muscle sample;10;;;;;;;;;;;10;;;;;;;;;;;;;;;;;;;;;;;;;;;;;;;;;;;;;;;;;0
975;2020;Skrukkebukta;2;SB;1043;9;11;1;2;-;2;26,6;131;13,1;13;1,183226124;2;1;+;3;1;4;;+;-;-;-;0;+;-;;0;;;;;;;;;;;;;;;;;;;;;;;;;;;;;;;;;;;;;;;;;;;;;;;;;;;;0
1654;2021;Skrukkebukta;2;SB;1032;9;9;1;2;         -;2;26,8;132;13,2;13;1,165233603;2;2;       +;;;;;;        -;        -;        -;1;        -;0;;0;;;;;;;;;;;;;;;;;;;;;;;;;;;;;;;;;;;;;;;;;;;;;;;;;;;;0
113;2018;Skrukkebukta;2;SB;1020;9;10;1;2;;2;23,4;132;13,2;13;1,01740546;2;1;+;3;1;-;; +;-;-;-;0;+;-;isotope sample w/muscle sample;3;;;;;;;;;;;;1;;;;;;;;;;;;;2;;;;;;;;;;;;;;;;;;;;;;;;;;;0
97;2018;Skrukkebukta;2;SB;1004;9;10;1;2;;2;23,8;132;13,2;13;1,034797006;1;1;+;5;1;6;; +;-;-;-;1;+;-;isotope sample w/muscle sample;20;;;;;;;;;;;17;;;;;;;;;;;;;;;3;;;;;;;;;;;;;;;;;;;;;;;;;;0
135;2018;Skrukkebukta;2;SB;1042;9;10;1;2;;2;27,8;134;13,4;13;1,155394779;2;1;+;3;1;-;; +;-;-;-;0;+;-;isotope sample w/muscle sample;10;;;;;;;;;;;;;;;;;;;;;;10;;;;;;;;;;;;;;;;;;;;;;;;;;;;;;0
111;2018;Skrukkebukta;2;SB;1018;9;10;1;2;;2;24,6;136;13,6;13;0,977953898;2;3;+;5;1;6;; +;-;-;-;0;+;-;isotope sample w/muscle sample;1;;;;;;;;;;;;;;;;;;;;;;;;;;;;;;;;;;;;;;;;;;;;;;1;;Godt fordøyd.;;;;0
485;2019;Skrukkebukta;2;SB;1014;9;10;1;2;          ;2;27,8;137;13,7;13;1,081142885;2;1;+;5;1;-;usikker, ødelagt;        +;         -;         -;             -;0;              +;              +;;10;;1;;;1;;2;;;;4;;;;;;;;;;;1;;1;;;;;;;;;;;;;;;;;;;;;;;;;;;;0
100;2018;Skrukkebukta;2;SB;1007;9;10;1;2;;2;27,6;141;14,1;14;0,984581665;1;1;+;5;1;-;; +;-;-;-;0;+;-;isotope sample w/muscle sample;0;;;;;;;;;;;;;;;;;;;;;;;;;;;;;;;;;;;;;;;;;;;;;;;;;;;;0
493;2019;Skrukkebukta;2;SB;1024;9;10;1;2;          ;2;29;141;14,1;14;1,034524213;1;1;+;4;1;5;vanskelig;        +;         -;         -;             -;0;              +;              +;;0;;;;;;;;;;;;;;;;;;;;;;;;;;;;;;;;;;;;;;;;;;;;;;;;;;;;0
588;2019;Skrukkebukta;2;SB;1123;9;11;1;2;          ;2;30;141;14,1;14;1,070197462;1;1;+;5;1;-;;        +;         -;         -;             -;0;               -;               -;;0;;;;;;;;;;;;;;;;;;;;;;;;;;;;;;;;;;;;;;;;;;;;;;;;;;;;0
122;2018;Skrukkebukta;2;SB;1029;9;10;1;2;;2;30,2;142;14,2;14;1,054731484;2;1;+;5;1;-;; +;-;-;-;0;+;-;isotope sample w/muscle sample;0;;;;;;;;;;;;;;;;;;;;;;;;;;;;;;;;;;;;;;;;;;;;;;;;;;;;0
123;2018;Skrukkebukta;2;SB;1030;9;10;1;2;;2;29,4;142;14,2;14;1,026791577;2;1;+;4;1;-;; +;-;-;-;0;+;-;isotope sample w/muscle sample;0;;;;;;;;;;;;;;;;;;;;;;;;;;;;;;;;;;;;;;;;;;;;;;;;;;;;0
535;2019;Skrukkebukta;2;SB;1068;9;10;1;2;          ;2;31,6;142;14,2;14;1,103626321;2;1;+;3;1;4;;        +;         -;         -;             -;0;               -;               -;;0;;;;;;;;;;;;;;;;;;;;;;;;;;;;;;;;;;;;;;;;;;;;;;;;;;;;0
95;2018;Skrukkebukta;2;SB;1002;9;10;1;2;;2;33,6;142;14,2;14;1,173476088;2;2;+;4;1;3;mulig 3, ene operc tydelig 4, andre tydelig 3 år; +;-;-;-;1;+;+;;20;;;;;;;;;;;1;;;;;;;;;;;;;;19;;;;;;;;;;;;;;;;;;;;;;;;;;;0
571;2019;Skrukkebukta;2;SB;1106;9;11;1;2;          ;2;34,6;145;14,5;14;1,134937882;1;1;+;5;1;-;;        +;         -;         -;             -;0;               -;               -;;0;;;;;;;;;;;;;;;;;;;;;;;;;;;;;;;;;;;;;;;;;;;;;;;;;;;;0
134;2018;Skrukkebukta;2;SB;1041;9;10;1;2;;2;34,8;148;14,8;14;1,073480347;1;1;+;3;1;-;Veldig vanskelig! Usikker; +;-;-;-;1;+;+;;0;;;;;;;;;;;;;;;;;;;;;;;;;;;;;;;;;;;;;;;;;;;;;;;;;;;;0
992;2020;Skrukkebukta;2;SB;1060;9;11;1;2;-;2;41,1;148;14,8;14;1,267817306;2;1;+;4;1;-;;+;-;-;-;0;+;-;;5;;;;;;;;;;;;;;;;;;;;;;;;;;;;;;;;5;;;;;;;;;;;;;;;;;;;;1
962;2020;Skrukkebukta;2;SB;1030;9;11;1;2;-;2;37,5;148;14,8;14;1,156767615;2;1;+;2;1;-;ødelagt i kantene;+;-;-;-;2;+;-;;10;;;;;;;;;;;;;;;;;;;;;;;;10;;;;;;;;;;;;;;;;;;;;;;;;;;;;0
504;2019;Skrukkebukta;2;SB;1035;9;10;1;2;          ;2;40,4;151;15,1;15;1,173411995;2;1;+;7;1;-;;        +;         -;         -;             -;0;              +;              +;;0;;;;;;;;;;;;;;;;;;;;;;;;;;;;;;;;;;;;;;;;;;;;;;;;;;;;0
480;2019;Skrukkebukta;2;SB;1009;9;10;1;2;          ;2;37,2;151;15,1;15;1,08046847;2;1;+;5;1;-;;        +;         -;         -;             -;0;              +;              +;;40;;;;;;;;;;;1;;;;;;;;;;;;;;;;;;;;;;;;;;;;;;;;;;39;;;rest;;;;0
121;2018;Skrukkebukta;2;SB;1028;9;10;1;2;;2;34,8;152;15,2;15;0,990942557;1;1;+;6;1;-;; +;-;-;-;0;+;+;;0;;;;;;;;;;;;;;;;;;;;;;;;;;;;;;;;;;;;;;;;;;;;;;;;;;;;0
483;2019;Skrukkebukta;2;SB;1012;9;10;1;2;          ;2;36,8;152;15,2;15;1,047893279;2;1;-;-;;-;;        +;         -;         -;             -;0;              +;              +;;0;;;;;;;;;;;;;;;;;;;;;;;;;;;;;;;;;;;;;;;;;;;;;;;;;;;;0
990;2020;Skrukkebukta;2;SB;1058;9;11;1;2;-;2;42,8;152;15,2;15;1,218745444;1;1;+;3;1;-;;+;-;-;-;0;+;-;;0;;;;;;;;;;;;;;;;;;;;;;;;;;;;;;;;;;;;;;;;;;;;;;;;;;;;0
587;2019;Skrukkebukta;2;SB;1122;9;11;1;2;          ;2;39,8;153;15,3;15;1,111242338;2;1;+;3;1;-;vanskelig,usikker;        +;         -;         -;             -;0;               -;               -;;0;;;;;;;;;;;;;;;;;;;;;;;;;;;;;;;;;;;;;;;;;;;;;;;;;;;;0
974;2020;Skrukkebukta;2;SB;1042;9;11;1;2;-;2;41,7;153;15,3;15;1,164291596;1;1;+;5;1;4;;+;-;-;-;0;+;-;;0;;;;;;;;;;;;;;;;;;;;;;;;;;;;;;;;;;;;;;;;;;;;;;;;;;;;0
527;2019;Skrukkebukta;2;SB;1059;9;10;1;2;          ;2;38,8;153;15,3;15;1,083321676;2;1;+;7;1;8;;        +;         -;         -;             -;0;               -;               -;;15;;;;;;;;;;;5;;;;;;;;;;;;;;;;;;;;;10;;;;;;;;;;;;;;;;rest;;;;1
133;2018;Skrukkebukta;2;SB;1040;9;10;1;2;;2;37,8;154;15,4;15;1,034974471;1;1;+;5;1;-;; +;-;-;-;0;+;+;;0;;;;;;;;;;;;;;;;;;;;;;;;;;;;;;;;;;;;;;;;;;;;;;;;;;;;0
512;2019;Skrukkebukta;2;SB;1043;9;10;1;2;          ;2;37;154;15,4;15;1,013070249;2;1;+;6;1;7;;        +;         -;         -;             -;1;               -;               -;;0;;;;;;;;;;;;;;;;;;;;;;;;;;;;;;;;;;;;;;;;;;;;;;;;;;;;0
945;2020;Skrukkebukta;2;SB;1013;9;11;1;2;-;2;40,5;154;15,4;15;1,108901219;2;1;+;3;1;4;;-;-;-;-;3;+;-;;0;;;;;;;;;;;;;;;;;;;;;;;;;;;;;;;;;;;;;;;;;;;;;;;;;;;;0
511;2019;Skrukkebukta;2;SB;1042;9;10;1;2;          ;2;35,8;154;15,4;15;0,980213917;2;1;+;5;1;-;;        +;         -;         -;             -;1;              +;               -;;50;;;;;;;;;;;1;;;;;;;;;;;;;4;;5;;;;;;;;;;;;;;;;;;;40;;;rest;;;;0
108;2018;Skrukkebukta;2;SB;1015;9;10;1;2;;2;43,6;155;15,5;15;1,170823403;2;2;+;6;1;-;; +;-;-;-;0;+;+;;0;;;;;;;;;;;;;;;;;;;;;;;;;;;;;;;;;;;;;;;;;;;;;;;;;;;;0
481;2019;Skrukkebukta;2;SB;1010;9;10;1;2;          ;2;39,2;155;15,5;15;1,052666913;2;1;+;5;1;-;;        +;         -;         -;             -;3;              +;              +;;40;;;;;;;;;;;40;;;;;;;;;;;;;;;;;;;;;;;;;;;;;;;;;;;;;;;;;0
965;2020;Skrukkebukta;2;SB;1033;9;11;1;2;-;2;42,5;156;15,6;15;1,119476896;2;2;+;6;1;5;vanskelig;+;-;-;-;0;+;-;;0;;;;;;;;;;;;;;;;;;;;;;;;;;;;;;;;;;;;;;;;;;;;;;;;;;;;0
532;2019;Skrukkebukta;2;SB;1065;9;10;1;2;          ;2;42,8;156;15,6;15;1,127379086;1;1;+;6;1;5;;        +;         -;         -;             -;1;               -;               -;;20;;;;;;;;;;;;;;;;;;;;;;;;;;;;;;;;;;;;;;;;;;;;;20;;;rest;;;;0
164;2018;Skrukkebukta;2;SB;1080;9;11;1;2;;2;45,4;157;15,7;15;1,173159051;1;1;+;5;1;-;; +;-;-;-;0;+;+;;0;;;;;;;;;;;;;;;;;;;;;;;;;;;;;;;;;;;;;;;;;;;;;;;;;;;;0
489;2019;Skrukkebukta;2;SB;1020;9;10;1;2;          ;2;45;157;15,7;15;1,162822848;2;2;+;6;1;-;;        +;         -;         -;             -;0;              +;              +;;0;;;;;;;;;;;;;;;;;;;;;;;;;;;;;;;;;;;;;;;;;;;;;;;;;;;;0
987;2020;Skrukkebukta;2;SB;1055;9;11;1;2;-;2;46,7;157;15,7;15;1,206751711;1;1;+;6;1;-;;+;-;-;-;0;+;-;;0;;;;;;;;;;;;;;;;;;;;;;;;;;;;;;;;;;;;;;;;;;;;;;;;;;;;0
104;2018;Skrukkebukta;2;SB;1011;9;10;1;2;;2;46,6;158;15,8;15;1,181448121;2;2;+;4;1;-;; +;-;-;-;0;+;+;;60;;;;;;;;;;;;;;;;;;;;;;;;;;;;;;;;60;;;;;;;;;;;;;;;;Godt fordøyd;;;;1
157;2018;Skrukkebukta;2;SB;1073;9;10;1;2;;2;46,6;159;15,9;15;1,159296551;1;1;+;6;1;-;; +;-;-;-;0;+;+;;0;;;;;;;;;;;;;;;;;;;;;;;;;;;;;;;;;;;;;;;;;;;;;;;;;;;;0
568;2019;Skrukkebukta;2;SB;1103;9;11;1;2;          ;2;42,8;159;15,9;15;1,064761639;1;1;+;5;1;-;;        +;         -;         -;             -;0;               -;               -;;0;;;;;;;;;;;;;;;;;;;;;;;;;;;;;;;;;;;;;;;;;;;;;;;;;;;;0
586;2019;Skrukkebukta;2;SB;1121;9;11;1;2;          ;2;45,8;159;15,9;15;1,139394464;1;1;+;4;1;-;;        +;         -;         -;             -;0;               -;               -;;0;;;;;;;;;;;;;;;;;;;;;;;;;;;;;;;;;;;;;;;;;;;;;;;;;;;;0
550;2019;Skrukkebukta;2;SB;1084;9;11;1;2;          ;2;46,2;160;16;16;1,127929688;1;1;+;6;1;-;;        +;         -;         -;             -;0;              +;               -;;10;;;;;;;;;;;;;;;;;;;;;;;;10;;;;;;;;;;;;;;;;;;;;;;;;;;;;0
106;2018;Skrukkebukta;2;SB;1013;9;10;1;2;;2;53;160;16;16;1,293945313;2;2;+;6;1;-;; +;-;-;-;0;+;+;;90;;;;;;;;;;;;;;;;;;;;;;;;;;;;;;;;90;;;;;;;;;;;;;;;;;;;;1
533;2019;Skrukkebukta;2;SB;1066;9;10;1;2;          ;2;45,4;161;16,1;16;1,087873067;1;1;+;5;1;4;;        +;         -;         -;             -;1;               -;               -;;0;;;;;;;;;;;;;;;;;;;;;;;;;;;;;;;;;;;;;;;;;;;;;;;;;;;;0
1003;2020;Skrukkebukta;2;SB;1071;9;11;1;2;-;2;44,7;161;16,1;16;1,071099694;2;2;+;6;1;-;;+;-;-;-;0;+;-;;0;;;;;;;;;;;;;;;;;;;;;;;;;;;;;;;;;;;;;;;;;;;;;;;;;;;;0
563;2019;Skrukkebukta;2;SB;1097;9;11;1;2;          ;2;45,8;161;16,1;16;1,097457852;1;1;+;4;1;-;;        +;         -;         -;             -;0;               -;               -;;10;;;;;;;;;;;;;;;;;;;;;;;;;;10;;;;;;;;;;;;;;;;;;;;;;;;;;0
488;2019;Skrukkebukta;2;SB;1019;9;10;1;2;          ;2;45,8;161;16,1;16;1,097457852;2;2;+;6;1;-;;        +;         -;         -;             -;2;              +;              +;;30;;;;;;;;;;;;;;;;;;;;;;;;30;;;;;;;;;;;;;;;;;;;;;;;;;;;;0
482;2019;Skrukkebukta;2;SB;1011;9;10;1;2;          ;2;46;162;16,2;16;1,081963943;1;1;+;5;1;-;usikker, ødelagt;        +;         -;         -;             -;1;              +;              +;;0;;;;;;;;;;;;;;;;;;;;;;;;;;;;;;;;;;;;;;;;;;;;;;;;;;;;0
500;2019;Skrukkebukta;2;SB;1031;9;10;1;2;          ;2;47,6;162;16,2;16;1,119597472;2;2;+;6;1;7;;        +;         -;         -;             -;2;              +;              +;;0;;;;;;;;;;;;;;;;;;;;;;;;;;;;;;;;;;;;;;;;;;;;;;;;;;;;0
1629;2021;Skrukkebukta;2;SB;1006;9;9;1;2;         -;2;52,2;162;16,2;16;1,227793866;2;2;       +;;;;;;        -;        -;        -;1;        +;1;;0;;;;;;;;;;;;;;;;;;;;;;;;;;;;;;;;;;;;;;;;;;;;;;;;;;;;0
1005;2020;Skrukkebukta;2;SB;1073;9;11;1;2;-;2;47,3;162;16,2;16;1,112541185;1;1;+;6;1;-;;+;-;-;-;0;+;-;;5;;;;;;;;;;;;;;;;;;;;;;5;;;;;;;;;;;;;;;;;;;;;;;;;;;;;;0
583;2019;Skrukkebukta;2;SB;1118;9;11;1;2;          ;2;45,2;162;16,2;16;1,063147179;1;1;+;5;1;-;;        +;         -;         -;             -;0;               -;               -;;10;;;;;;;;;;;1;;;;;;;;;;;;;9;;;;;;;;;;;;;;;;;;;;;;;;;;;;0
570;2019;Skrukkebukta;2;SB;1105;9;11;1;2;          ;2;46;163;16,3;16;1,062172415;2;1;+;5;1;6;;        +;         -;         -;             -;0;               -;               -;;20;;;;;;;;;;;;;;;;;;;;;;;;20;;;;;;;;;;;;;;;;;;;;;;;;;;;;0
165;2018;Skrukkebukta;2;SB;1081;9;11;1;2;;2;56,2;164;16,4;16;1,274103684;1;2;+;4;1;-;; +;-;-;-;0;+;+;;0;;;;;;;;;;;;;;;;;;;;;;;;;;;;;;;;;;;;;;;;;;;;;;;;;;;;0
964;2020;Skrukkebukta;2;SB;1032;9;11;1;2;-;2;45,5;164;16,4;16;1,031525225;2;1;+;6;1;7;;+;-;-;-;0;+;-;;0;;;;;;;;;;;;;;;;;;;;;;;;;;;;;;;;;;;;;;;;;;;;;;;;;;;;0
1031;2020;Skrukkebukta;2;SB;1099;9;11;1;2;-;2;50,8;164;16,4;16;1,15168091;1;1;+;8;1;-;;+;-;-;-;0;-;-;;0;;;;;;;;;;;;;;;;;;;;;;;;;;;;;;;;;;;;;;;;;;;;;;;;;;;;0
132;2018;Skrukkebukta;2;SB;1039;9;10;1;2;;2;59,8;164;16,4;16;1,355718867;2;2;+;5;1;-;; +;-;-;-;0;+;+;;5;;;;;;;;;;;;;;;;;;;;;;5;;;;;;;;;;;;;;;;;;;;;;;;;;;;;;0
131;2018;Skrukkebukta;2;SB;1038;9;10;1;2;;2;57,6;165;16,5;16;1,282243927;2;2;+;5;1;-;; +;-;-;-;0;+;+;;0;;;;;;;;;;;;;;;;;;;;;;;;;;;;;;;;;;;;;;;;;;;;;;;;;;;;0
525;2019;Skrukkebukta;2;SB;1057;9;10;1;2;          ;2;51,6;165;16,5;16;1,148676851;1;1;-;-;;-;;        +;         -;         -;             -;0;               -;               -;;0;;;;;;;;;;;;;;;;;;;;;;;;;;;;;;;;;;;;;;;;;;;;;;;;;;;;0
531;2019;Skrukkebukta;2;SB;1064;9;10;1;2;          ;2;47,2;165;16,5;16;1,050727662;2;1;+;7;1;6;;        +;         -;         -;             -;1;               -;               -;;0;;;;;;;;;;;;;;;;;;;;;;;;;;;;;;;;;;;;;;;;;;;;;;;;;;;;0
1028;2020;Skrukkebukta;2;SB;1096;9;11;1;2;-;2;57,9;165;16,5;16;1,288922281;2;2;+;7;1;6;;+;-;-;-;0;-;-;;0;;;;;;;;;;;;;;;;;;;;;;;;;;;;;;;;;;;;;;;;;;;;;;;;;;;;0
1628;2021;Skrukkebukta;2;SB;1005;9;9;1;2;         -;2;52,2;165;16,5;16;1,162033559;2;2;       +;;;;;;        -;        -;        -;0;        +;1;;0;;;;;;;;;;;;;;;;;;;;;;;;;;;;;;;;;;;;;;;;;;;;;;;;;;;;0
971;2020;Skrukkebukta;2;SB;1039;9;11;1;2;-;2;52,1;165;16,5;16;1,159807441;1;1;+;6;1;-;;+;-;-;-;1;+;-;;5;;;;;;;;;;;2;;;;;;;;;;;3;;;;;;;;;;;;;;;;;;;;;;;;;;;;;;0
162;2018;Skrukkebukta;2;SB;1078;9;11;1;2;;2;54,4;165;16,5;16;1,211008153;1;1;+;5;1;-;; +;-;-;-;0;+;+;;20;;;;;;;;;;;;;;;;;;;;;;;;;;;;;;;;;;;;;;;;;;;;;;;20;Helt fordøyd;;;;0
508;2019;Skrukkebukta;2;SB;1039;9;10;1;2;          ;2;49,8;165;16,5;16;1,108606728;2;2;+;7;1;-;;        +;         -;         -;             -;1;              +;               -;;50;;;;;;;;;;;5;;;;;;;;;;;;;;;45;;;;;;;;;;;;;;;;;;;;;;;;;;0
1001;2020;Skrukkebukta;2;SB;1069;9;11;1;2;-;2;55;166;16,6;16;1,202370813;2;2;+;7;1;-;;+;-;-;-;0;+;-;;0;;;;;;;;;;;;;;;;;;;;;;;;;;;;;;;;;;;;;;;;;;;;;;;;;;;;0
1032;2020;Skrukkebukta;2;SB;1100;9;11;1;2;-;2;50,5;166;16,6;16;1,103995019;1;1;+;5;1;-;;+;-;-;-;2;-;-;;0;;;;;;;;;;;;;;;;;;;;;;;;;;;;;;;;;;;;;;;;;;;;;;;;;;;;0
1663;2021;Skrukkebukta;2;SB;1042;9;9;1;2;         -;2;51;166;16,6;16;1,114925663;2;2;       +;;;;;;        -;        -;        -;1;        +;1;;0;;;;;;;;;;;;;;;;;;;;;;;;;;;;;;;;;;;;;;;;;;;;;;;;;;;;0
509;2019;Skrukkebukta;2;SB;1040;9;10;1;2;          ;2;46,6;166;16,6;16;1,018735998;1;1;+;4;1;-;;        +;         -;         -;             -;0;              +;               -;;20;;;;;;;;;;;;;;;;;;;;;;;;20;;;;;;;;;;;;;;;;;;;;;;;;;;;;0
491;2019;Skrukkebukta;2;SB;1022;9;10;1;2;          ;2;40,8;166;16,6;16;0,89194053;1;1;+;5;1;-;vanskelig, litt ødelagt;        +;         -;         -;             -;2;              +;              +;;90;;;;;;;;;;;5;;;;;;;;;;;;;85;;;;;;;;;;;;;;;;;;;;;;;;;;;;0
479;2019;Skrukkebukta;2;SB;1008;9;10;1;2;          ;2;52;167;16,7;16;1,116487667;2;1;+;6;1;5;;        +;         -;         -;             -;1;              +;              +;;0;;;;;;;;;;;;;;;;;;;;;;;;;;;;;;;;;;;;;;;;;;;;;;;;;;;;0
560;2019;Skrukkebukta;2;SB;1094;9;11;1;2;          ;2;55,2;167;16,7;16;1,185194601;1;1;+;6;1;-;;        +;         -;         -;             -;0;               -;               -;;0;;;;;;;;;;;;;;;;;;;;;;;;;;;;;;;;;;;;;;;;;;;;;;;;;;;;0
160;2018;Skrukkebukta;2;SB;1076;9;10;1;2;;2;58,8;168;16,8;16;1,240079365;1;1;+;6;1;-;; +;-;-;-;0;+;+;;0;;;;;;;;;;;;;;;;;;;;;;;;;;;;;;;;;;;;;;;;;;;;;;;;;;;;0
989;2020;Skrukkebukta;2;SB;1057;9;11;1;2;-;2;54,7;168;16,8;16;1,153611246;2;2;+;7;1;-;;+;-;-;-;2;+;-;;20;;;;;;;;;;;;;;;;;;;;;;;;20;;;;;;;;;;;;;;;;;;;;;;;;;;;;0
507;2019;Skrukkebukta;2;SB;1038;9;10;1;2;          ;2;53,2;168;16,8;16;1,121976568;2;2;+;7;1;-;;        +;         -;         -;             -;0;              +;               -;;80;;;;;;;;;;;;;;;;;;;;;;;;80;;;;;;;;;;;;;;;;;;;;;;;;;;;;0
109;2018;Skrukkebukta;2;SB;1016;9;10;1;2;;2;55,6;169;16,9;16;1,151899733;1;1;+;5;1;-;; +;-;-;-;0;+;+;;0;;;;;;;;;;;;;;;;;;;;;;;;;;;;;;;;;;;;;;;;;;;;;;;;;;;;0
943;2020;Skrukkebukta;2;SB;1011;9;11;1;2;-;2;59,2;169;16,9;16;1,226483169;2;2;+;5;1;6;;-;-;-;-;0;+;-;;0;;;;;;;;;;;;;;;;;;;;;;;;;;;;;;;;;;;;;;;;;;;;;;;;;;;;0
991;2020;Skrukkebukta;2;SB;1059;9;11;1;2;-;2;58;169;16,9;16;1,201622024;2;2;+;7;1;-;;+;-;-;-;1;+;-;;0;;;;;;;;;;;;;;;;;;;;;;;;;;;;;;;;;;;;;;;;;;;;;;;;;;;;0
553;2019;Skrukkebukta;2;SB;1087;9;11;1;2;          ;2;54,4;169;16,9;16;1,127038588;2;2;+;5;1;4;;        +;         -;         -;             -;0;              +;               -;;20;;;;;;;;;;;;;;;;;;;;;;;;20;;;;;;;;;;;;;;;;;;;;;;;;;;;;0
506;2019;Skrukkebukta;2;SB;1037;9;10;1;2;          ;2;52,6;170;17;17;1,070628944;1;2;+;6;1;-;;        +;         -;         -;             -;0;              +;              +;;0;;;;;;;;;;;;;;;;;;;;;;;;;;;;;;;;;;;;;;;;;;;;;;;;;;;;0
585;2019;Skrukkebukta;2;SB;1120;9;11;1;2;          ;2;56,5;170;17;17;1,150010177;2;2;+;5;1;-;;        +;         -;         -;             -;0;               -;               -;;0;;;;;;;;;;;;;;;;;;;;;;;;;;;;;;;;;;;;;;;;;;;;;;;;;;;;0
941;2020;Skrukkebukta;2;SB;1009;9;11;1;2;-;2;57,7;170;17;17;1,174435172;2;2;+;3;1;-;;+;-;-;-;1;+;-;;0;;;;;;;;;;;;;;;;;;;;;;;;;;;;;;;;;;;;;;;;;;;;;;;;;;;;0
155;2018;Skrukkebukta;2;SB;1071;9;10;1;2;;2;64;171;17,1;17;1,279945986;2;2;+;5;1;-;; +;-;-;-;0;+;+;;0;;;;;;;;;;;;;;;;;;;;;;;;;;;;;;;;;;;;;;;;;;;;;;;;;;;;0
501;2019;Skrukkebukta;2;SB;1032;9;10;1;2;          ;2;55,6;171;17,1;17;1,111953076;2;1;+;7;1;-;;        +;         -;         -;             -;1;              +;              +;;0;;;;;;;;;;;;;;;;;;;;;;;;;;;;;;;;;;;;;;;;;;;;;;;;;;;;0
505;2019;Skrukkebukta;2;SB;1036;9;10;1;2;          ;2;52,6;171;17,1;17;1,051955607;2;1;+;6;1;-;;        +;         -;         -;             -;1;              +;              +;;0;;;;;;;;;;;;;;;;;;;;;;;;;;;;;;;;;;;;;;;;;;;;;;;;;;;;0
526;2019;Skrukkebukta;2;SB;1058;9;10;1;2;          ;2;56,4;171;17,1;17;1,1279524;1;1;+;7;1;-;;        +;         -;         -;             -;          -;               -;               -;;0;;;;;;;;;;;;;;;;;;;;;;;;;;;;;;;;;;;;;;;;;;;;;;;;;;;;0
1625;2021;Skrukkebukta;2;SB;1002;9;9;1;2;         -;2;54,2;171;17,1;17;1,083954257;1;1;       +;;;;;;        -;        -;        -;1;        +;1;;0;;;;;;;;;;;;;;;;;;;;;;;;;;;;;;;;;;;;;;;;;;;;;;;;;;;;0
1030;2020;Skrukkebukta;2;SB;1098;9;11;1;2;-;2;55;171;17,1;17;1,099953582;1;1;+;7;1;-;;+;-;-;-;0;-;-;;1;;;;;;;;;;;;;;;;;;;;;;;;;;;;;;;;;;;;;;;;;;;;1;;;;uid. rest;;;;0
1016;2020;Skrukkebukta;2;SB;1084;9;11;1;2;-;2;59,2;171;17,1;17;1,183950037;1;1;+;5;1;-;;+;-;-;-;2;-;-;;80;;1;;4;;;;;;;5;;;;;;;;;;;20;;;;50;;;;;;;;;;;;;;;;;;;;;;;;;;0
116;2018;Skrukkebukta;2;SB;1023;9;10;1;2;;2;62,8;172;17,2;17;1,234168061;1;1;+;5;1;-;; +;-;-;-;0;+;+;;0;;;;;;;;;;;;;;;;;;;;;;;;;;;;;;;;;;;;;;;;;;;;;;;;;;;;0
503;2019;Skrukkebukta;2;SB;1034;9;10;1;2;          ;2;61,2;172;17,2;17;1,202724288;1;1;+;7;1;8;;        +;         -;         -;             -;1;              +;              +;;30;;;;;;;;;;;1;;;;;;;;;;;;;;;29;;;;;;;;;;;;;;;;;;;;;;;;;;0
529;2019;Skrukkebukta;2;SB;1062;9;10;1;2;          ;2;62,4;172;17,2;17;1,226307118;2;2;+;5;1;-;;        +;         -;         -;             -;0;               -;               -;;50;;;;;;;;;;;;;;;;;;;;;;;;50;;;;;;;;;;;;;;;;;;;;;;;;;;;;0
510;2019;Skrukkebukta;2;SB;1041;9;10;1;2;          ;2;57;173;17,3;17;1,100871291;2;1;+;7;1;-;;        +;         -;         -;             -;0;              +;               -;;0;;;;;;;;;;;;;;;;;;;;;;;;;;;;;;;;;;;;;;;;;;;;;;;;;;;;0
569;2019;Skrukkebukta;2;SB;1104;9;11;1;2;          ;2;57,8;173;17,3;17;1,116322116;1;1;+;5;1;-;;        +;         -;         -;             -;0;               -;               -;;0;;;;;;;;;;;;;;;;;;;;;;;;;;;;;;;;;;;;;;;;;;;;;;;;;;;;0
499;2019;Skrukkebukta;2;SB;1030;9;10;1;2;          ;2;59;173;17,3;17;1,139498354;1;1;+;9;1;-;;        +;         -;         -;             -;0;              +;              +;;10;;;;;;;;;;;;;;;;;;;;;;;;;;;;;;;;10;;;;;;;;;;;;;;;;rest;;;;1
537;2019;Skrukkebukta;2;SB;1070;9;10;1;2;          ;2;60,2;173;17,3;17;1,162674592;2;1;+;7;1;8;;        +;         -;         -;             -;0;               -;               -;;50;;;;;;;;;;;;;;;;;;;;;;;;30;;;;;;;;20;;;;;;;;;;;;;;;;rest;;;;1
584;2019;Skrukkebukta;2;SB;1119;9;11;1;2;          ;2;57,2;174;17,4;17;1,085796116;2;1;+;6;1;-;;        +;         -;         -;             -;0;               -;               -;;0;;;;;;;;;;;;;;;;;;;;;;;;;;;;;;;;;;;;;;;;;;;;;;;;;;;;0
1022;2020;Skrukkebukta;2;SB;1090;9;11;1;2;-;2;62,3;174;17,4;17;1,182606609;1;1;+;6;1;-;;+;-;-;-;0;-;-;;0;;;;;;;;;;;;;;;;;;;;;;;;;;;;;;;;;;;;;;;;;;;;;;;;;;;;0
530;2019;Skrukkebukta;2;SB;1063;9;10;1;2;          ;2;62;174;17,4;17;1,176911874;1;1;+;5;1;-;;        +;         -;         -;             -;0;               -;               -;;80;;;;;;;;;;;1;;;;;;;;;;;;;79;;;;;;;;;;;;;;;;;;;;;;;;;;;;0
484;2019;Skrukkebukta;2;SB;1013;9;10;1;2;          ;2;64,8;175;17,5;17;1,20909621;2;1;+;4;1;-;;        +;         -;         -;             -;0;              +;              +;;0;;;;;;;;;;;;;;;;;;;;;;;;;;;;;;;;;;;;;;;;;;;;;;;;;;;;0
1652;2021;Skrukkebukta;2;SB;1030;9;9;1;2;         -;2;59,4;175;17,5;17;1,108338192;2;2;       +;;;;;;        -;        -;        -;0;        +;1;;0;;;;;;;;;;;;;;;;;;;;;;;;;;;;;;;;;;;;;;;;;;;;;;;;;;;;0
478;2019;Skrukkebukta;2;SB;1007;9;10;1;2;          ;2;54;175;17,5;17;1,007580175;1;1;+;7;1;-;;        +;         -;         -;             -;1;              +;              +;;20;;;;;;;;;;;;;;;;;;;;;;;;;;20;;;;;;;;;;;;;;;;;;;;;;;;;;0
158;2018;Skrukkebukta;2;SB;1074;9;10;1;2;;2;53,8;176;17,6;17;0,986834382;1;2;+;4;1;-;; +;-;-;-;0;+;+;;0;;;;;;;;;;;;;;;;;;;;;;;;;;;;;;;;;;;;;;;;;;;;;;;;;;;;0
561;2019;Skrukkebukta;2;SB;1095;9;11;1;2;          ;2;59,4;176;17,6;17;1,089553202;1;1;+;6;1;-;;        +;         -;         -;             -;0;               -;               -;;0;;;;;;;;;;;;;;;;;;;;;;;;;;;;;;;;;;;;;;;;;;;;;;;;;;;;0
972;2020;Skrukkebukta;2;SB;1040;9;11;1;2;-;2;63,1;176;17,6;17;1,157420995;2;2;+;5;1;-;;+;-;-;-;0;+;-;;0;;;;;;;;;;;;;;;;;;;;;;;;;;;;;;;;;;;;;;;;;;;;;;;;;;;;0
1649;2021;Skrukkebukta;2;SB;1027;9;9;1;2;         -;2;61,4;176;17,6;17;1,126238495;2;2;       +;;;;;;        -;        -;        -;2;        +;1;;0;;;;;;;;;;;;;;;;;;;;;;;;;;;;;;;;;;;;;;;;;;;;;;;;;;;;0
1662;2021;Skrukkebukta;2;SB;1041;9;9;1;2;         -;2;62;176;17,6;17;1,137244083;1;1;       +;;;;;;        -;        -;        -;1;        +;1;;0;;;;;;;;;;;;;;;;;;;;;;;;;;;;;;;;;;;;;;;;;;;;;;;;;;;;0
1026;2020;Skrukkebukta;2;SB;1094;9;11;1;2;-;2;65;176;17,6;17;1,192272023;2;1;+;7;1;-;;+;-;-;-;0;-;-;;20;;;;;;;;;;;;;;;;;;;;;;;;;;;;;;;;20;;;;;;;;;;;;;;;;;;;;1
961;2020;Skrukkebukta;2;SB;1029;9;11;1;2;-;2;67,4;176;17,6;17;1,236294375;2;2;+;4;1;-;;+;-;-;-;0;+;-;;30;;;;;;;;;;;;;;;;;;;;;;;;;;;;;;;;30;;;;;;;;;;;;;;;;;;;;1
476;2019;Skrukkebukta;2;SB;1005;9;10;1;2;          ;2;62,8;176;17,6;17;1,151918201;1;1;+;8;1;-;;        +;         -;         -;             -;0;              +;              +;;60;;;;;;;;;;;;;;;;;;;;;;;;60;;;;;;;;;;;;;;;;;;;;;;;;;;;;0
114;2018;Skrukkebukta;2;SB;1021;9;10;1;2;;2;74,4;176;17,6;17;1,3646929;2;1;+;5;1;-;; +;-;-;-;0;+;+;;80;;;;;;;;;;;;;;;;;;;;;;;;;;;;;;;;;80;;;;;;;;;;;;;;;1 x stickleback;;;;1
973;2020;Skrukkebukta;2;SB;1041;9;11;1;2;-;2;55,8;177;17,7;17;1,006269709;2;2;+;8;1;-;;+;-;-;-;0;+;-;;0;;;;;;;;;;;;;;;;;;;;;;;;;;;;;;;;;;;;;;;;;;;;;;;;;;;;0
1018;2020;Skrukkebukta;2;SB;1086;9;11;1;2;-;2;70,7;177;17,7;17;1,274968969;2;2;+;7;1;-;;+;-;-;-;1;-;-;;0;;;;;;;;;;;;;;;;;;;;;;;;;;;;;;;;;;;;;;;;;;;;;;;;;;;;0
559;2019;Skrukkebukta;2;SB;1093;9;11;1;2;          ;2;68;177;17,7;17;1,226278499;2;2;+;7;1;6;vanskelig;        +;         -;         -;             -;2;              +;               -;;10;;;;;;;;;;;1;;;;;;;;;;;;;;;;;;;;;;;;;;;;;;;;;;9;;;rest;;;;0
558;2019;Skrukkebukta;2;SB;1092;9;11;1;2;          ;2;58,6;177;17,7;17;1,05676353;1;1;+;6;1;7;;        +;         -;         -;             -;0;              +;               -;;50;;;;;;;;;;;;;;;;;;;;;;;;50;;;;;;;;;;;;;;;;;;;;;;;;;;;;0
166;2018;Skrukkebukta;2;SB;1082;9;11;1;2;;2;71,6;178;17,8;17;1,269559371;1;1;+;6;1;-;; +;-;-;-;0;+;+;;0;;;;;;;;;;;;;;;;;;;;;;;;;;;;;;;;;;;;;;;;;;;;;;;;;;;;0
567;2019;Skrukkebukta;2;SB;1102;9;11;1;2;          ;2;65,8;178;17,8;17;1,166717969;1;1;+;6;1;-;;        +;         -;         -;             -;0;               -;               -;;0;;;;;;;;;;;;;;;;;;;;;;;;;;;;;;;;;;;;;;;;;;;;;;;;;;;;0
582;2019;Skrukkebukta;2;SB;1117;9;11;1;2;          ;2;58;178;17,8;17;1,028414015;1;1;+;7;1;6;vanskelig;        +;         -;         -;             -;0;               -;               -;;0;;;;;;;;;;;;;;;;;;;;;;;;;;;;;;;;;;;;;;;;;;;;;;;;;;;;0
963;2020;Skrukkebukta;2;SB;1031;9;11;1;2;-;2;59,9;178;17,8;17;1,06210344;1;1;+;5;1;-;;+;-;-;-;0;+;-;;10;;;;;;;;;;;;;;;;;;;;;;;;10;;;;;;;;;;;;;;;;;;;;;;;;;;;;0
1027;2020;Skrukkebukta;2;SB;1095;9;11;1;2;-;2;62,7;178;17,8;17;1,111751013;1;1;+;7;1;6;;+;-;-;-;0;-;-;;50;;;;;;;;;;;;;;;;;;;;;;;;50;;;;;;;;;;;;;;;;;;;;;;;;;;;;0
944;2020;Skrukkebukta;2;SB;1012;9;11;1;2;-;2;66,8;178;17,8;17;1,184449245;2;2;+;5;1;-;;-;-;-;-;5;+;-;;60;;;;;;;;;;;;;;;;;;;;1;;59;;;;;;;;;;;;;;;;;;;;;;;;;;;;;;0
523;2019;Skrukkebukta;2;SB;1055;9;10;1;2;          ;2;70,4;179;17,9;17;1,227477574;2;1;+;6;1;-;vanskelig;        +;         -;         -;             -;0;               -;               -;;0;;;;;;;;;;;;;;;;;;;;;;;;;;;;;;;;;;;;;;;;;;;;;;;;;;;;0
475;2019;Skrukkebukta;2;SB;1004;9;10;1;2;          ;2;65,8;180;18;18;1,128257888;1;1;+;7;1;8;;        +;         -;         -;             -;0;              +;              +;;0;;;;;;;;;;;;;;;;;;;;;;;;;;;;;;;;;;;;;;;;;;;;;;;;;;;;0
502;2019;Skrukkebukta;2;SB;1033;9;10;1;2;          ;2;66;180;18;18;1,131687243;1;1;+;8;1;-;;        +;         -;         -;             -;0;              +;              +;;0;;;;;;;;;;;;;;;;;;;;;;;;;;;;;;;;;;;;;;;;;;;;;;;;;;;;0
522;2019;Skrukkebukta;2;SB;1054;9;10;1;2;          ;2;60;180;18;18;1,028806584;1;1;+;6;1;5;;        +;         -;         -;             -;1;               -;               -;;0;;;;;;;;;;;;;;;;;;;;;;;;;;;;;;;;;;;;;;;;;;;;;;;;;;;;0
536;2019;Skrukkebukta;2;SB;1069;9;10;1;2;          ;2;69,8;180;18;18;1,196844993;2;2;+;5;1;-;;        +;         -;         -;             -;3;               -;               -;;0;;;;;;;;;;;;;;;;;;;;;;;;;;;;;;;;;;;;;;;;;;;;;;;;;;;;0
988;2020;Skrukkebukta;2;SB;1056;9;11;1;2;-;2;69,7;180;18;18;1,195130316;2;2;+;7;1;-;;+;-;-;-;0;+;-;;0;;;;;;;;;;;;;;;;;;;;;;;;;;;;;;;;;;;;;;;;;;;;;;;;;;;;0
1004;2020;Skrukkebukta;2;SB;1072;9;11;1;2;-;2;67,6;180;18;18;1,159122085;1;1;+;6;1;-;;+;-;-;-;1;+;-;;0;;;;;;;;;;;;;;;;;;;;;;;;;;;;;;;;;;;;;;;;;;;;;;;;;;;;0
1651;2021;Skrukkebukta;2;SB;1029;9;9;1;2;         -;2;62,4;180;18;18;1,069958848;1;1;       +;;;;;;        -;        -;        -;1;        +;1;;0;;;;;;;;;;;;;;;;;;;;;;;;;;;;;;;;;;;;;;;;;;;;;;;;;;;;0
958;2020;Skrukkebukta;2;SB;1026;9;11;1;2;-;2;66,4;180;18;18;1,138545953;1;1;+;6;1;5;;+;-;-;-;1;+;-;;40;;;;;;;;;;;;;;;;;;;;;;;;40;;;;;;;;;;;;;;;;;;;;;;;;;;;;0
1002;2020;Skrukkebukta;2;SB;1070;9;11;1;2;-;2;67,3;181;18,1;18;1,134956822;1;1;+;6;1;-;;+;-;-;-;2;+;-;;0;;;;;;;;;;;;;;;;;;;;;;;;;;;;;;;;;;;;;;;;;;;;;;;;;;;;0
1641;2021;Skrukkebukta;2;SB;1019;9;9;1;2;         -;2;59,2;181;18,1;18;0,998357264;2;2;       +;;;;;;        -;        -;        -;1;        +;1;;20;;;;;;;;;;;;;;;;;;;;;;;;20;;;;;;;;;;;;;;;;;;;;;;;;;;;;0
498;2019;Skrukkebukta;2;SB;1029;9;10;1;2;          ;2;75,8;182;18,2;18;1,257346687;2;2;+;10;1;11;vanskelig;        +;         -;         -;             -;0;              +;              +;;0;;;;;;;;;;;;;;;;;;;;;;;;;;;;;;;;;;;;;;;;;;;;;;;;;;;;0
946;2020;Skrukkebukta;2;SB;1014;9;11;1;2;-;2;69,2;182;18,2;18;1,147867951;2;1;+;5;1;6;;+;-;-;-;0;+;-;;0;;;;;;;;;;;;;;;;;;;;;;;;;;;;;;;;;;;;;;;;;;;;;;;;;;;;0
970;2020;Skrukkebukta;2;SB;1038;9;11;1;2;-;2;67;182;18,2;18;1,11137504;2;2;+;6;1;7;;+;-;-;-;0;+;-;;0;;;;;;;;;;;;;;;;;;;;;;;;;;;;;;;;;;;;;;;;;;;;;;;;;;;;0
1640;2021;Skrukkebukta;2;SB;1018;9;9;1;2;         -;2;73,6;182;18,2;18;1,220853775;2;2;       +;;;;;;        -;        -;        -;1;        +;1;;0;;;;;;;;;;;;;;;;;;;;;;;;;;;;;;;;;;;;;;;;;;;;;;;;;;;;0
1029;2020;Skrukkebukta;2;SB;1097;9;11;1;2;-;2;73,6;182;18,2;18;1,220853775;2;2;+;7;1;-;;+;-;-;-;0;-;-;;30;;;;;;;;;;;;;;;;;;;;;;;;30;;;;;;;;;;;;;;;;;;;;;;;;;;;;0
497;2019;Skrukkebukta;2;SB;1028;9;10;1;2;          ;2;77,2;182;18,2;18;1,280569449;2;2;+;8;1;7;;        +;         -;         -;             -;0;              +;              +;;70;;;;;;;;;;;;;;;;;;;;;;5;;;;65;;;;;;;;;;;;;;;;;;;;;;;;;;0
521;2019;Skrukkebukta;2;SB;1053;9;10;1;2;          ;2;74;183;18,3;18;1,207475842;2;1;+;5;1;-;;        +;         -;         -;             -;1;               -;               -;;0;;;;;;;;;;;;;;;;;;;;;;;;;;;;;;;;;;;;;;;;;;;;;;;;;;;;0
566;2019;Skrukkebukta;2;SB;1101;9;11;1;2;          ;2;67,2;183;18,3;18;1,096518602;2;2;+;5;1;6;;        +;         -;         -;             -;0;               -;               -;;0;;;;;;;;;;;;;;;;;;;;;;;;;;;;;;;;;;;;;;;;;;;;;;;;;;;;0
562;2019;Skrukkebukta;2;SB;1096;9;11;1;2;          ;2;78,6;183;18,3;18;1,282535151;2;2;+;7;1;6;;        +;         -;         -;             -;0;               -;               -;;5;;;;;;;;;;;;;;;;;;;;;;;;5;;;;;;;;;;;;;;;;;;;;;;;;;;;;0
985;2020;Skrukkebukta;2;SB;1053;9;11;1;2;-;2;74,9;183;18,3;18;1,222161359;1;1;+;8;1;7;;+;-;-;-;0;+;-;;40;;;;;;;;;;;;;;;;;;;;;;;;10;;;;;;;;30;;;;;;;;;;;;;;;;;;;;1
96;2018;Skrukkebukta;2;SB;1003;9;10;1;2;;2;73,2;184;18,4;18;1,175053423;2;1;+;4;1;-;; +;-;-;-;0;+;+;;0;;;;;;;;;;;;;;;;;;;;;;;;;;;;;;;;;;;;;;;;;;;;;;;;;;;;0
130;2018;Skrukkebukta;2;SB;1037;9;10;1;2;;2;75;184;18,4;18;1,20394818;1;1;+;5;1;-;; +;-;-;-;0;+;+;;0;;;;;;;;;;;;;;;;;;;;;;;;;;;;;;;;;;;;;;;;;;;;;;;;;;;;0
534;2019;Skrukkebukta;2;SB;1067;9;10;1;2;          ;2;81;185;18,5;18;1,279292441;2;2;+;5;1;-;;        +;         -;         -;             -;2;               -;               -;;0;;;;;;;;;;;;;;;;;;;;;;;;;;;;;;;;;;;;;;;;;;;;;;;;;;;;0
557;2019;Skrukkebukta;2;SB;1091;9;11;1;2;          ;2;71;185;18,5;18;1,121355102;1;1;+;6;1;-;;        +;         -;         -;             -;0;              +;               -;;0;;;;;;;;;;;;;;;;;;;;;;;;;;;;;;;;;;;;;;;;;;;;;;;;;;;;0
565;2019;Skrukkebukta;2;SB;1100;9;11;1;2;          ;2;71,4;185;18,5;18;1,127672596;1;1;+;4;1;-;;        +;         -;         -;             -;0;               -;               -;;0;;;;;;;;;;;;;;;;;;;;;;;;;;;;;;;;;;;;;;;;;;;;;;;;;;;;0
942;2020;Skrukkebukta;2;SB;1010;9;11;1;2;-;2;78,2;185;18,5;18;1,235069986;2;2;+;3;1;4;;+;-;-;-;14;+;-;;0;;;;;;;;;;;;;;;;;;;;;;;;;;;;;;;;;;;;;;;;;;;;;;;;;;;;0
1023;2020;Skrukkebukta;2;SB;1091;9;11;1;2;-;2;80,8;185;18,5;18;1,276133694;2;2;+;6;1;-;;+;-;-;-;0;-;-;;0;;;;;;;;;;;;;;;;;;;;;;;;;;;;;;;;;;;;;;;;;;;;;;;;;;;;0
577;2019;Skrukkebukta;2;SB;1112;9;11;1;2;          ;2;82;186;18,6;18;1,27430979;2;2;+;5;1;-;;        +;         -;         -;             -;0;               -;               -;;0;;;;;;;;;;;;;;;;;;;;;;;;;;;;;;;;;;;;;;;;;;;;;;;;;;;;0
1014;2020;Skrukkebukta;2;SB;1082;9;11;1;2;-;2;71,8;186;18,6;18;1,115798085;1;1;+;7;1;-;;+;-;-;-;0;-;-;;0;;;;;;;;;;;;;;;;;;;;;;;;;;;;;;;;;;;;;;;;;;;;;;;;;;;;0
477;2019;Skrukkebukta;2;SB;1006;9;10;1;2;          ;2;73,4;186;18,6;18;1,140662666;1;1;+;8;1;-;;        +;         -;         -;             -;0;              +;              +;;10;;;;;;;;;;;;;;;;;;;;;;;;10;;;;;;;;;;;;;;;;;;;;;;;;;;;;0
1019;2020;Skrukkebukta;2;SB;1087;9;11;1;2;-;2;80,1;186;18,6;18;1,2447831;1;1;+;6;1;-;;+;-;-;-;0;-;-;;10;;;;;;;;;;;;;;;;;;;;;;;;10;;;;;;;;;;;;;;;;;;;;;;;;;;;;0
954;2020;Skrukkebukta;2;SB;1022;9;11;1;2;-;2;73,1;186;18,6;18;1,136000557;1;1;+;6;1;-;;+;-;-;-;1;+;-;;20;;;;;;;;;;;1;;;;;;;;;;;;;19;;;;;;;;;;;;;;;;;;;;;;;;;;;;0
1648;2021;Skrukkebukta;2;SB;1026;9;9;1;2;         -;2;77;186;18,6;18;1,196607974;2;2;       +;;;;;;        -;        -;        -;0;        +;1;;40;;;;;;;;;;;;;;;;;;;;;;;;40;;;;;;;;;;;;;;;;;;;;;;;;;;;;0
547;2019;Skrukkebukta;2;SB;1081;9;11;1;2;          ;2;78;187;18,7;18;1,192805912;2;2;+;6;1;-;;        +;         -;         -;             -;0;              +;               -;;0;;;;;;;;;;;;;;;;;;;;;;;;;;;;;;;;;;;;;;;;;;;;;;;;;;;;0
957;2020;Skrukkebukta;2;SB;1025;9;11;1;2;-;2;70,7;188;18,8;18;1,064010383;1;1;+;7;1;-;;+;-;-;-;1;+;-;;0;;;;;;;;;;;;;;;;;;;;;;;;;;;;;;;;;;;;;;;;;;;;;;;;;;;;0
1661;2021;Skrukkebukta;2;SB;1040;9;9;1;2;         -;2;67,8;188;18,8;18;1,020366393;1;1;       +;;;;;;        -;        -;        -;0;        +;1;;0;;;;;;;;;;;;;;;;;;;;;;;;;;;;;;;;;;;;;;;;;;;;;;;;;;;;0
969;2020;Skrukkebukta;2;SB;1037;9;11;1;2;-;2;85,4;189;18,9;18;1,264947375;2;2;+;5;1;-;;+;-;-;-;0;+;-;;0;;;;;;;;;;;;;;;;;;;;;;;;;;;;;;;;;;;;;;;;;;;;;;;;;;;;0
1638;2021;Skrukkebukta;2;SB;1016;9;9;1;2;         -;2;86,2;189;18,9;18;1,276796999;2;2;       +;;;;;;        -;        -;        -;1;        +;1;;0;;;;;;;;;;;;;;;;;;;;;;;;;;;;;;;;;;;;;;;;;;;;;;;;;;;;0
578;2019;Skrukkebukta;2;SB;1113;9;11;1;2;          ;2;75;190;19;19;1,093453856;1;1;+;6;1;7;ødelagt,usikker;        +;         -;         -;             -;0;               -;               -;;0;;;;;;;;;;;;;;;;;;;;;;;;;;;;;;;;;;;;;;;;;;;;;;;;;;;;0
1020;2020;Skrukkebukta;2;SB;1088;9;11;1;2;-;2;85,9;190;19;19;1,25236915;2;2;+;7;1;6;vanskelig;+;-;-;-;1;-;-;;0;;;;;;;;;;;;;;;;;;;;;;;;;;;;;;;;;;;;;;;;;;;;;;;;;;;;0
1000;2020;Skrukkebukta;2;SB;1068;9;11;1;2;-;2;83,2;190;19;19;1,213004811;1;1;+;6;1;7;;+;-;-;-;0;+;-;;50;;;;;;;;;;;1;;;;;;;;;;;;;49;;;;;;;;;;;;;;;;;;;;;;;;;;;;0
549;2019;Skrukkebukta;2;SB;1083;9;11;1;2;          ;2;77;191;19,1;19;1,105072123;1;1;+;6;1;7;;        +;         -;         -;             -;0;              +;               -;;0;;;;;;;;;;;;;;;;;;;;;;;;;;;;;;;;;;;;;;;;;;;;;;;;;;;;0
940;2020;Skrukkebukta;2;SB;1008;9;11;1;2;-;2;71,8;191;19,1;19;1,030443876;2;1;+;5;1;-;;+;-;-;-;0;+;-;;0;;;;;;;;;;;;;;;;;;;;;;;;;;;;;;;;;;;;;;;;;;;;;;;;;;;;0
1025;2020;Skrukkebukta;2;SB;1093;9;11;1;2;-;2;84,4;191;19,1;19;1,21127386;1;1;+;6;1;-;;+;-;-;-;1;-;-;;0;;;;;;;;;;;;;;;;;;;;;;;;;;;;;;;;;;;;;;;;;;;;;;;;;;;;0
1017;2020;Skrukkebukta;2;SB;1085;9;11;1;2;-;2;87,1;192;19,2;19;1,230593081;1;1;+;8;1;-;;+;-;-;-;0;-;-;;0;;;;;;;;;;;;;;;;;;;;;;;;;;;;;;;;;;;;;;;;;;;;;;;;;;;;0
1024;2020;Skrukkebukta;2;SB;1092;9;11;1;2;-;2;85;192;19,2;19;1,200923213;1;1;+;5;1;-;;+;-;-;-;1;-;-;;0;;;;;;;;;;;;;;;;;;;;;;;;;;;;;;;;;;;;;;;;;;;;;;;;;;;;0
1626;2021;Skrukkebukta;2;SB;1003;9;9;1;2;         -;2;78;192;19,2;19;1,102023655;1;1;       +;;;;;;        -;        -;        -;3;        +;1;;5;;;;;;;;;;;;;;;;;;;;;;;;;;;;;;;;;;;;;;;;;;;;;5;;;rest;;;;0
581;2019;Skrukkebukta;2;SB;1116;9;11;1;2;          ;2;80;192;19,2;19;1,130280671;2;2;+;6;1;-;;        +;         -;         -;             -;0;               -;               -;;30;;;;;;;;;;;;;;;;;;;;;;1;;29;;;;;;;;;;;;;;;;;;;;;;;;;;;;0
105;2018;Skrukkebukta;2;SB;1012;9;10;1;2;;2;79,8;192;19,2;19;1,12745497;1;1;+;6;1;-;; +;-;-;-;0;+;+;;70;;;;;;;;;;;;;;;;;;;;;;;;;;;;;;;;70;;;;;;;;;;;;;;;;1 fisk;;;;1
495;2019;Skrukkebukta;2;SB;1026;9;10;1;2;          ;2;90,6;193;19,3;19;1,260248736;2;2;+;5;1;-;;        +;         -;         -;             -;1;              +;              +;;0;;;;;;;;;;;;;;;;;;;;;;;;;;;;;;;;;;;;;;;;;;;;;;;;;;;;0
1647;2021;Skrukkebukta;2;SB;1025;9;9;1;2;         -;2;88,6;194;19,4;19;1,21346857;1;1;       +;;;;;;        -;        -;        -;0;        +;1;;0;;;;;;;;;;;;;;;;;;;;;;;;;;;;;;;;;;;;;;;;;;;;;;;;;;;;0
1021;2020;Skrukkebukta;2;SB;1089;9;11;1;2;-;2;87,6;194;19,4;19;1,199772536;1;1;+;7;1;-;;+;-;-;-;0;-;-;;30;;;;;;;;;;;;;;;;;;;;;;;;30;;;;;;;;;;;;;;;;;;;;;;;;;;;;0
548;2019;Skrukkebukta;2;SB;1082;9;11;1;2;          ;2;84;195;19,5;19;1,132857938;1;1;+;6;1;-;;        +;         -;         -;             -;0;              +;               -;;0;;;;;;;;;;;;;;;;;;;;;;;;;;;;;;;;;;;;;;;;;;;;;;;;;;;;0
984;2020;Skrukkebukta;2;SB;1052;9;11;1;2;-;2;90,8;195;19,5;19;1,224565485;1;1;+;7;1;-;;+;-;-;-;3;+;-;;60;;;;;;;;;;;;;;;;;;;;;;;;60;;;;;;;;;;;;;;;;;;;;;;;;;;;;0
959;2020;Skrukkebukta;2;SB;1027;9;11;1;2;-;2;87,6;196;19,6;19;1,163418304;1;1;+;5;1;-;;+;-;-;-;0;+;-;;0;;;;;;;;;;;;;;;;;;;;;;;;;;;;;;;;;;;;;;;;;;;;;;;;;;;;0
492;2019;Skrukkebukta;2;SB;1023;9;10;1;2;          ;2;76,6;197;19,7;19;1,001913183;2;1;+;6;1;5;;        +;         -;         -;             -;0;              +;              +;;0;;;;;;;;;;;;;;;;;;;;;;;;;;;;;;;;;;;;;;;;;;;;;;;;;;;;0
938;2020;Skrukkebukta;2;SB;1006;9;11;1;2;-;2;85,5;197;19,7;19;1,118323462;1;1;+;6;1;-;;+;-;-;-;0;+;-;;0;;;;;;;;;;;;;;;;;;;;;;;;;;;;;;;;;;;;;;;;;;;;;;;;;;;;0
1650;2021;Skrukkebukta;2;SB;1028;9;9;1;2;         -;2;91,4;197;19,7;19;1,195494321;2;2;       +;;;;;;        -;        -;        -;0;        +;1;;0;;;;;;;;;;;;;;;;;;;;;;;;;;;;;;;;;;;;;;;;;;;;;;;;;;;;0
552;2019;Skrukkebukta;2;SB;1086;9;11;1;2;          ;2;87;197;19,7;19;1,137943172;1;1;+;6;1;7;;        +;         -;         -;             -;0;              +;               -;;10;;;;;;;;;;;;;;;;;;;;;;;;;;;;;;;;10;;;;;;;;;;;;;;;;fiskerest;;;;1
960;2020;Skrukkebukta;2;SB;1028;9;11;1;2;-;2;87,2;197;19,7;19;1,140559133;1;1;+;5;1;6;;+;-;-;-;0;+;-;;30;;;;;;;;;;;;;;;;;;;;;;;;30;;;;;;;;;;;;;;;;;;;;;;;;;;;;0
1646;2021;Skrukkebukta;2;SB;1024;9;9;1;2;         -;2;90;198;19,8;19;1,159436421;2;1;       +;;;;;;        -;        -;        -;0;        +;1;;0;;;;;;;;;;;;;;;;;;;;;;;;;;;;;;;;;;;;;;;;;;;;;;;;;;;;0
1639;2021;Skrukkebukta;2;SB;1017;9;9;1;2;         -;2;94,4;200;20;20;1,18;2;1;       +;;;;;;        -;        -;        -;1;        +;1;;0;;;;;;;;;;;;;;;;;;;;;;;;;;;;;;;;;;;;;;;;;;;;;;;;;;;;0
982;2020;Skrukkebukta;2;SB;1050;9;11;1;2;-;2;96,9;200;20;20;1,21125;2;2;+;8;1;-;;+;-;-;-;0;+;-;FG 100 % coregonide > 75 mm;100;;;;;;;;;;;;;;;;;;;;;;;;;;;;;;;;;;;;100;;;;;;;;;;;;1 coregonide > 75 mm;;;;1
939;2020;Skrukkebukta;2;SB;1007;9;11;1;2;-;2;94;201;20,1;20;1,157549792;1;1;+;5;1;-;;+;-;-;-;0;+;-;;0;;;;;;;;;;;;;;;;;;;;;;;;;;;;;;;;;;;;;;;;;;;;;;;;;;;;0
937;2020;Skrukkebukta;2;SB;1005;9;11;1;2;-;2;103;202;20,2;20;1,249634815;2;2;+;6;1;-;;+;-;-;-;0;+;-;;50;;;;;;;;;;;;;;;;;;;;;;;;;;;;;;;;;50;;;;;;;;;;;;;;;;;;;1
551;2019;Skrukkebukta;2;SB;1085;9;11;1;2;          ;2;94;203;20,3;20;1,123672468;2;2;+;10;1;11;;        +;         -;         -;             -;0;              +;               -;;0;;;;;;;;;;;;;;;;;;;;;;;;;;;;;;;;;;;;;;;;;;;;;;;;;;;;0
1637;2021;Skrukkebukta;2;SB;1015;9;9;1;2;         -;2;90,4;203;20,3;20;1,080638203;1;1;       +;;;;;;        -;        -;        -;0;        +;1;;30;;;;;;;;;;;;;;;;;;;;;;;;30;;;;;;;;;;;;;;;;;;;;;;;;;;;;0
956;2020;Skrukkebukta;2;SB;1024;9;11;1;2;-;2;103;203;20,3;20;1,231258129;1;1;+;6;1;-;;+;-;-;-;1;+;-;;50;;;;;;;;;;;;;;;;;;;;;;;;;;;;;;;;50;;;;;;;;;;;;;;;;;;;;1
496;2019;Skrukkebukta;2;SB;1027;9;10;1;2;          ;2;97,4;204;20,4;20;1,147277442;1;2;+;8;1;9;;        +;         -;         -;             -;0;              +;              +;;80;;;;;;;;;;;;;;;;;;;;;;;;80;;;;;;;;;;;;;;;;;;;;;;;;;;;;0
1013;2020;Skrukkebukta;2;SB;1081;9;11;1;2;-;2;110;205;20,5;20;1,27682419;1;1;+;6;1;7;;+;-;-;-;1;-;-;;10;;;;;;;;;;;;;;;;;;;;;;;;;;;;;;;;10;;;;;;;;;;;;;;;;;;;;1
129;2018;Skrukkebukta;2;SB;1036;9;10;1;2;;2;117;205;20,5;20;1,358076638;1;1;+;9;1;-;; +;-;-;-;0;+;+;;60;;;;;;;;;;;;;;;;;;;;;;;;;;;;;;;;60;;;;;;;;;;;;;;;;Godt fordøyd.;;;;1
1015;2020;Skrukkebukta;2;SB;1083;9;11;1;2;-;2;124;206;20,6;20;1,418469572;2;2;+;6;1;-;;+;-;-;-;3;-;-;;0;;;;;;;;;;;;;;;;;;;;;;;;;;;;;;;;;;;;;;;;;;;;;;;;;;;;0
542;2019;Skrukkebukta;2;SB;1075;9;10;1;2;          ;2;116;207;20,7;20;1,307816923;2;2;+;7;1;6;;        +;         -;         -;             -;2;              +;               -;;0;;;;;;;;;;;;;;;;;;;;;;;;;;;;;;;;;;;;;;;;;;;;;;;;;;;;0
1658;2021;Skrukkebukta;2;SB;1037;9;9;1;2;         -;2;105;207;20,7;20;1,183799801;2;2;       +;;;;;;        -;        -;        -;0;        +;1;;0;;;;;;;;;;;;;;;;;;;;;;;;;;;;;;;;;;;;;;;;;;;;;;;;;;;;0
955;2020;Skrukkebukta;2;SB;1023;9;11;1;2;-;2;108;208;20,8;20;1,200145084;1;1;+;7;1;-;;+;-;-;-;0;+;-;;20;;;;;;;;;;;;;;;;;;;;;;;;20;;;;;;;;;;;;;;;;;;;;;;;;;;;;0
1659;2021;Skrukkebukta;2;SB;1038;9;9;1;2;         -;2;105;209;20,9;20;1,150139293;2;2;       +;;;;;;        -;        -;        -;0;        +;1;;0;;;;;;;;;;;;;;;;;;;;;;;;;;;;;;;;;;;;;;;;;;;;;;;;;;;;0
524;2019;Skrukkebukta;2;SB;1056;9;10;1;2;          ;2;98,6;210;21;21;1,06467984;2;1;+;9;1;-;;        +;         -;         -;             -;1;               -;               -;;0;;;;;;;;;;;;;;;;;;;;;;;;;;;;;;;;;;;;;;;;;;;;;;;;;;;;0
936;2020;Skrukkebukta;2;SB;1004;9;11;1;2;-;2;121;210;21;21;1,306554368;1;1;+;4;1;5;;+;-;-;-;0;+;-;;80;;;;;;;;;;;;;;;;;;;;;;;;;;;;;;;;80;;;;;;;;;;;;;;;;;;;;1
115;2018;Skrukkebukta;2;SB;1022;9;10;1;2;;2;124;211;21,1;21;1,320001179;2;2;+;7;1;-;; +;-;-;-;0;+;+;;0;;;;;;;;;;;;;;;;;;;;;;;;;;;;;;;;;;;;;;;;;;;;;;;;;;;;0
953;2020;Skrukkebukta;2;SB;1021;9;11;1;2;-;2;115;211;21,1;21;1,224194642;1;1;+;5;1;6;;+;-;-;-;2;+;-;;0;;;;;;;;;;;;;;;;;;;;;;;;;;;;;;;;;;;;;;;;;;;;;;;;;;;;0
1636;2021;Skrukkebukta;2;SB;1014;9;9;1;2;         -;2;110;211;21,1;21;1,170968788;1;1;       +;;;;;;        -;        -;        -;1;        +;1;;0;;;;;;;;;;;;;;;;;;;;;;;;;;;;;;;;;;;;;;;;;;;;;;;;;;;;0
981;2020;Skrukkebukta;2;SB;1049;9;11;1;2;-;2;122;212;21,2;21;1,280419407;1;1;+;8;1;-;;+;-;-;-;1;+;-;;70;;;;;;;;;;;;;;;;;;;;;;;;;;;;;;;;70;;;;;;;;;;;;;;;;;;;;1
1635;2021;Skrukkebukta;2;SB;1013;9;9;1;2;         -;2;111;213;21,3;21;1,148640615;1;1;       +;;;;;;        -;        -;        -;3;        +;1;;0;;;;;;;;;;;;;;;;;;;;;;;;;;;;;;;;;;;;;;;;;;;;;;;;;;;;0
159;2018;Skrukkebukta;2;SB;1075;9;10;1;2;;2;132;213;21,3;21;1,365951001;2;2;+;7;1;-;; +;-;-;-;0;+;+;;3;;;;;;;;;;;;;;;;;;;;;;;;;;;;;;;;;;;;;;;;;;;;;;;;;;;;0
983;2020;Skrukkebukta;2;SB;1051;9;11;1;2;-;2;112;213;21,3;21;1,158988729;1;1;+;9;1;8;;+;-;-;-;1;+;-;;70;;;;;;;;;;;;;;;;;;;;;;;;;;;;;;;;70;;;;;;;;;;;;;;;;;;;;1
952;2020;Skrukkebukta;2;SB;1020;9;11;1;2;-;2;126;214;21,4;21;1,285669156;1;1;+;7;1;-;;+;-;-;-;8;+;-;;0;;;;;;;;;;;;;;;;;;;;;;;;;;;;;;;;;;;;;;;;;;;;;;;;;;;;0
1631;2021;Skrukkebukta;2;SB;1009;9;9;1;2;         -;2;114;214;21,4;21;1,163224475;1;1;       +;;;;;;        -;        -;        -;2;        +;1;;40;;;;;;;;;;;;;;;;;;;;;;;;40;;;;;;;;;;;;;;;;;;;;;;;;;;;;0
1011;2020;Skrukkebukta;2;SB;1079;9;11;1;2;-;2;119;215;21,5;21;1,197378847;1;1;+;8;1;-;;+;-;-;-;1;+;-;;0;;;;;;;;;;;;;;;;;;;;;;;;;;;;;;;;;;;;;;;;;;;;;;;;;;;;0
951;2020;Skrukkebukta;2;SB;1019;9;11;1;2;-;2;124;215;21,5;21;1,247688883;1;1;+;7;1;-;;+;-;-;-;0;+;-;;60;;;;;;;;;;;;;;;;;;;;;;;;60;;;;;;;;;;;;;;;;;;;;;;;;;;;;0
546;2019;Skrukkebukta;2;SB;1080;9;11;1;2;          ;2;129;216;21,6;21;1,280054489;2;2;+;8;1;9;;        +;         -;         -;             -;0;              +;               -;;0;;;;;;;;;;;;;;;;;;;;;;;;;;;;;;;;;;;;;;;;;;;;;;;;;;;;0
968;2020;Skrukkebukta;2;SB;1036;9;11;1;2;-;2;140;217;21,7;21;1,370089172;2;2;+;6;1;7;;+;-;-;-;0;+;-;;0;;;;;;;;;;;;;;;;;;;;;;;;;;;;;;;;;;;;;;;;;;;;;;;;;;;;0
999;2020;Skrukkebukta;2;SB;1067;9;11;1;2;-;2;131;218;21,8;21;1,264450449;1;1;+;7;1;-;;+;-;-;-;2;+;-;;0;;;;;;;;;;;;;;;;;;;;;;;;;;;;;;;;;;;;;;;;;;;;;;;;;;;;0
1645;2021;Skrukkebukta;2;SB;1023;9;9;1;2;         -;2;119;218;21,8;21;1,148622927;1;1;       +;;;;;;        -;        -;        -;1;        +;1;;80;;;;;;;;;;;;;;;;;;;;;;;;80;;;;;;;;;;;;;;;;;;;;;;;;;;;;0
1012;2020;Skrukkebukta;2;SB;1080;9;11;1;2;-;2;125;220;22;22;1,173929376;1;1;+;9;1;-;;+;-;-;-;5;+;-;;80;;;;;;;;;;;;;;;;;;;;;;1;;79;;;;;;;;;;;;;;;;;;;;;;;;;;;;0
128;2018;Skrukkebukta;2;SB;1035;9;10;1;2;;2;137;222;22,2;22;1,25216524;1;1;+;14;1;-;; +;-;-;-;4;+;+;;40;;;;;;;;;;;;;;;;;;;;;;;;;;;;;;;;40;;;;;;;;;;;;;;;;Godft fordøyd.;;;;1
580;2019;Skrukkebukta;2;SB;1115;9;11;1;2;          ;2;157;223;22,3;22;1,415745087;1;1;+;6;1;-;;        +;         -;         -;             -;0;               -;               -;;0;;;;;;;;;;;;;;;;;;;;;;;;;;;;;;;;;;;;;;;;;;;;;;;;;;;;0
173;2018;Skrukkebukta;2;SB;1091;9;11;2;2;;2;163;224;22,4;22;1,450252255;1;1;+;12;1;-;; +;-;-;-;0;+;+;HUMAN TAPEORM IN THE FLESH(1);0;;;;;;;;;;;;;;;;;;;;;;;;;;;;;;;;;;;;;;;;;;;;;;;;;;;;0
474;2019;Skrukkebukta;2;SB;1003;9;10;1;2;          ;2;131;224;22,4;22;1,165540156;1;1;+;9;1;8;;        +;         -;         -;             -;1;              +;              +;;0;;;;;;;;;;;;;;;;;;;;;;;;;;;;;;;;;;;;;;;;;;;;;;;;;;;;0
1627;2021;Skrukkebukta;2;SB;1004;9;9;1;2;         -;2;145;224;22,4;22;1,290101699;2;2;       +;;;;;;        -;        -;        -;0;        +;1;;0;;;;;;;;;;;;;;;;;;;;;;;;;;;;;;;;;;;;;;;;;;;;;;;;;;;;0
980;2020;Skrukkebukta;2;SB;1048;9;11;1;2;-;2;148;226;22,6;22;1,2821428;1;1;+;7;1;-;;+;-;-;-;1;+;-;;0;;;;;;;;;;;;;;;;;;;;;;;;;;;;;;;;;;;;;;;;;;;;;;;;;;;;0
998;2020;Skrukkebukta;2;SB;1066;9;11;1;2;-;2;151;227;22,7;22;1,290920138;1;1;+;9;1;-;;+;-;-;-;1;+;-;;100;;;;;;;;;;;;;;;;;;;;;;;;;;;;;;;;100;;;;;;;;;;;;;;;;trolig Coregonide, stor fisk;;;;1
545;2019;Skrukkebukta;2;SB;1079;9;11;1;2;          ;2;146;229;22,9;22;1,215755964;2;2;+;9;1;10;;        +;         -;         -;             -;0;              +;               -;;0;;;;;;;;;;;;;;;;;;;;;;;;;;;;;;;;;;;;;;;;;;;;;;;;;;;;0
556;2019;Skrukkebukta;2;SB;1090;9;11;1;2;          ;2;124;229;22,9;22;1,03255986;2;2;+;12;1;13;;        +;         -;         -;             -;0;              +;              +;;10;;;;;;;;;;;;;;;;;;;;;;;;10;;;;;;;;;;;;;;;;;;;;;;;;;;;;0
1634;2021;Skrukkebukta;2;SB;1012;9;9;1;2;         -;2;117;230;23;23;0,96161749;2;1;       +;;;;;;        -;        -;        -;5;        +;1;;0;;;;;;;;;;;;;;;;;;;;;;;;;;;;;;;;;;;;;;;;;;;;;;;;;;;;0
170;2018;Skrukkebukta;2;SB;1086;9;11;2;2;;2;160;232;23,2;23;1,281315347;1;1;+;8;1;-;; +;-;-;-;0;+;+;;0;;;;;;;;;;;;;;;;;;;;;;;;;;;;;;;;;;;;;;;;;;;;;;;;;;;;0
950;2020;Skrukkebukta;2;SB;1018;9;11;1;2;-;2;164;232;23,2;23;1,313348231;1;1;+;7;1;8;;+;-;-;-;9;+;-;;70;;;;;;;;;;;;;;;;;;;;;;;;70;;;;;;;;;;;;;;;;;;;;;;;;;;;;0
564;2019;Skrukkebukta;2;SB;1099;9;11;1;2;          ;2;130;233;23,3;23;1,027721848;1;1;+;12;1;13;;        +;         -;         -;             -;0;               -;               -;;0;;;;;;;;;;;;;;;;;;;;;;;;;;;;;;;;;;;;;;;;;;;;;;;;;;;;0
118;2018;Skrukkebukta;2;SB;1025;9;10;1;2;;2;180;234;23,4;23;1,404833752;1;1;+;7;1;-;; +;-;-;-;2;+;+;;20;;;;;;;;;;;;;;;;;;;;;;;;;20;;;;;;;;;;;;;;;;;;;;;;;;;;;0
107;2018;Skrukkebukta;2;SB;1014;9;10;1;2;;2;170;234;23,4;23;1,326787432;1;2;+;13;1;-;; +;-;-;-;0;+;+;;100;;;;;;;;;;;;;;;;;;;;;;;;;;;;;;;;;100;;;;;;;;;;;;;;;2x fisk. Stickleback;;;;1
949;2020;Skrukkebukta;2;SB;1017;9;11;1;2;-;2;199;236;23,6;23;1,513969296;1;2;+;8;1;-;;+;-;-;-;0;+;-;;0;;;;;;;;;;;;;;;;;;;;;;;;;;;;;;;;;;;;;;;;;;;;;;;;;;;;0
979;2020;Skrukkebukta;2;SB;1047;9;11;1;2;-;2;199;236;23,6;23;1,513969296;1;1;+;6;1;-;ødelagt i kantene;+;-;-;-;4;+;-;;0;;;;;;;;;;;;;;;;;;;;;;;;;;;;;;;;;;;;;;;;;;;;;;;;;;;;0
518;2019;Skrukkebukta;2;SB;1050;9;10;1;2;          ;2;175;239;23,9;23;1,281871069;2;2;+;10;1;11;;        +;         -;         -;             -;0;              +;              +;;0;;;;;;;;;;;;;;;;;;;;;;;;;;;;;;;;;;;;;;;;;;;;;;;;;;;;0
163;2018;Skrukkebukta;2;SB;1079;9;11;1;2;;2;177;239;23,9;23;1,296521024;1;2;+;12;1;-;; +;-;-;-;2;+;+;;50;;;;;;;;;;;;;;;;;;;;;;;;50;;;;;;;;;;;;;;;;;;;;;;;;;;;;0
978;2020;Skrukkebukta;2;SB;1046;9;11;1;2;-;2;182;240;24;24;1,316550926;1;1;+;11;1;-;;+;-;-;-;7;+;-;;0;;;;;;;;;;;;;;;;;;;;;;;;;;;;;;;;;;;;;;;;;;;;;;;;;;;;0
519;2019;Skrukkebukta;2;SB;1051;9;10;1;2;          ;2;147;240;24;24;1,063368056;1;1;+;8;1;-;;        +;         -;         -;             -;3;               -;               -;;90;;;;;;;;;;;;;;;;;;;;5;;;;;;;;;;;;;;;;;;;;;;;;;;;85;rest;;;;0
119;2018;Skrukkebukta;2;SB;1026;9;10;1;2;;2;206;242;24,2;24;1,45352037;1;1;+;13;1;-;mulig 16; +;-;-;-;2;+;+;;0;;;;;;;;;;;;;;;;;;;;;;;;;;;;;;;;;;;;;;;;;;;;;;;;;;;;0
520;2019;Skrukkebukta;2;SB;1052;9;10;1;2;          ;2;157;244;24,4;24;1,080762266;1;1;+;10;1;-;;        +;         -;         -;             -;0;               -;               -;;5;;;;;;;;;;;;;;;;;;;;;;;;;;;;;;;;;;;;;;;;;;;;;5;;;rest;;;;0
99;2018;Skrukkebukta;2;SB;1006;9;10;1;2;;2;195;245;24,5;24;1,325978121;2;2;+;13;1;-;; +;-;-;-;7;+;+;;1;;;;;;;;;;;;;;;;;;;;;;;;;;;;;;;;;;;;;;;;;;;;;;;1;Helt fordøyd.;;;;0
1657;2021;Skrukkebukta;2;SB;1036;9;9;1;2;         -;2;179;246;24,6;24;1,202396517;1;1;       +;;;;;;        -;        -;        -;2;        +;1;;70;;;;;;;;;;;;;;;;;;;;;;;;70;;;;;;;;;;;;;;;;;;;;;;;;;;;;0
120;2018;Skrukkebukta;2;SB;1027;9;10;1;2;;2;183;249;24,9;24;1,185367589;1;1;+;12;1;-;; +;-;-;-;0;+;+;;0;;;;;;;;;;;;;;;;;;;;;;;;;;;;;;;;;;;;;;;;;;;;;;;;;;;;0
576;2019;Skrukkebukta;2;SB;1111;9;11;1;2;          ;2;235;252;25,2;25;1,468473927;1;2;+;14;1;13;vanskelig;        +;         -;         -;             -;1;               -;               -;;0;;;;;;;;;;;;;;;;;;;;;;;;;;;;;;;;;;;;;;;;;;;;;;;;;;;;0
153;2018;Skrukkebukta;2;SB;1060;9;10;1;2;;2;222;252;25,2;25;1,387239199;1;1;+;12;1;-;; +;-;-;-;0;+;+;;50;;;;;;;;;;;;;;;;;;;;;;;;;;;;;;;;50;;;;;;;;;;;;;;;;1 fisk;;;;1
934;2020;Skrukkebukta;2;SB;1002;9;11;1;2;-;2;210;252;25,2;25;1,312253296;1;2;+;10;1;-;;+;-;-;-;6;+;-;;70;;;;;;;;;;;;;;;;;;;;;;;;;;;;;;;;70;;;;;;;;;;;;;;;;rest, lang fisk;;;;1
149;2018;Skrukkebukta;2;SB;1056;9;10;1;2;;2;230;256;25,6;25;1,37090683;2;2;+;15;1;-;; +;-;-;-;1;+;+;;80;;;;;;;;;;;;;;;;;;;;;;;;;;;;;;;;;80;;;;;;;;;;;;;;;1 x stickleback (tror jeg);;;;1
517;2019;Skrukkebukta;2;SB;1049;9;10;1;2;          ;2;213;257;25,7;25;1,254816537;1;1;+;9;1;10;;        +;         -;         -;             -;4;              +;              +;;20;;;;;;;;;;;;;;;;;;;;;;;;;;;;;;;;;;;;;;;;;;;;;;;20;REST;;;;0
148;2018;Skrukkebukta;2;SB;1055;9;10;1;2;;2;244;259;25,9;25;1,404399073;2;2;+;12;1;-;; +;-;-;-;1;+;+;;100;;;;;;;;;;;;;;;;;;;;;;;;;;;;;;;;100;;;;;;;;;;;;;;;;3 fisk.;;;;1
1632;2021;Skrukkebukta;2;SB;1010;9;9;1;2;         -;2;219;260;26;26;1,246017296;1;1;       +;;;;;;        -;        -;        -;5;        +;1;;90;;;;;;;;;;;;;;;;;;;;;;;;;;5;;;;;;85;;;;;;;;;;;;;;;;1 stk stor fisk;;;;1
967;2020;Skrukkebukta;2;SB;1035;9;11;1;2;-;2;266;261;26,1;26;1,496098249;1;2;+;9;1;-;;+;-;-;-;2;+;-;;95;;;;;;;;;;;;;;;;;;;;;;;;;;;;;;;;95;;;;;;;;;;;;;;;;Trolig Coregonide;;;;1
935;2020;Skrukkebukta;2;SB;1003;9;11;1;2;-;2;249;261;26,1;26;1,400482947;2;2;+;15;1;-;svært tette soner fra 4-8 år;+;-;-;-;2;+;-;;100;;;;;;;;;;;;;;;;;;;;;;;;;;;;;;;;;;100;;;;;;;;;;;;;;trolig planktonsik;;;;1
152;2018;Skrukkebukta;2;SB;1059;9;10;1;2;;2;247;262;26,2;26;1,373387465;2;2;+;14;1;-;; +;-;-;-;0;+;+;;0;;;;;;;;;;;;;;;;;;;;;;;;;;;;;;;;;;;;;;;;;;;;;;;;;;;;0
1643;2021;Skrukkebukta;2;SB;1021;9;9;1;2;         -;2;214;262;26,2;26;1,189898452;1;1;       +;;;;;;        -;        -;        -;1;        +;1;;0;;;;;;;;;;;;;;;;;;;;;;;;;;;;;;;;;;;;;;;;;;;;;;;;;;;;0
1644;2021;Skrukkebukta;2;SB;1022;9;9;1;2;         -;2;257;262;26,2;26;1,428990197;2;2;       +;;;;;;        -;        -;        -;6;        +;1;;60;;;;;;;;;;;;;;;;;;;;;;;;;;;;;;;;60;;;;;;;;;;;;;;;;rest;;;;1
172;2018;Skrukkebukta;2;SB;1090;9;11;2;2;;2;267;263;26,3;26;1,467722716;2;2;+;13;1;-;; +;-;-;-;2;+;+;;0;;;;;;;;;;;;;;;;;;;;;;;;;;;;;;;;;;;;;;;;;;;;;;;;;;;;0
150;2018;Skrukkebukta;2;SB;1057;9;10;1;2;;2;272;263;26,3;26;1,49520816;2;2;+;12;1;-;; +;-;-;-;8;+;+;;1;;;;;;;;;;;;;;;;;;;;;;;;1;;;;;;;;;;;;;;;;;;;;;;;;;;;;0
1660;2021;Skrukkebukta;2;SB;1039;9;9;1;2;         -;2;239;263;26,3;26;1,313804229;2;2;       +;;;;;;        -;        -;        -;5;        +;1;;40;;;;;;;;;;;;;;;;;;;;;;;;;;;;;;;;40;;;;;;;;;;;;;;;;rest;;;;1
1630;2021;Skrukkebukta;2;SB;1008;9;9;1;2;         -;2;273;264;26,4;26;1,483716295;1;2;       +;;;;;;        -;        -;        -;2;        +;1;;50;;;;;;;;;;;;;;;;;;;;;;;;;;;;;;;;50;;;;;;;;;;;;;;;;rest;;;;1
102;2018;Skrukkebukta;2;SB;1009;9;10;1;2;;2;248;265;26,5;26;1,332643726;1;2;+;10;1;-;; +;-;-;-;1;+;+;;0;;;;;;;;;;;;;;;;;;;;;;;;;;;;;;;;;;;;;;;;;;;;;;;;;;;;1
167;2018;Skrukkebukta;2;SB;1083;9;11;2;2;;2;253,8;268;26,8;26;1,31852156;1;2;+;13;1;-;; +;-;-;-;0;+;+;;80;;;;;;;;;;;;;;;;;;;;;;;;;;;;;;;;;80;;;;;;;;;;;;;;;Stingsild;;;;1
1633;2021;Skrukkebukta;2;SB;1011;9;9;1;2;         -;2;238;268;26,8;26;1,236438658;1;2;       +;;;;;;        -;        -;        -;8;        +;1;;90;;;;;;;;;;;;;;;;;;;;;;;;;;;;;;;;;;90;;;;;;;;;;;;;;2 stk større enn stingsild;;;;1
151;2018;Skrukkebukta;2;SB;1058;9;10;1;2;;2;252;270;27;27;1,280292638;1;2;+;9;1;-;; +;-;-;-;0;+;+;;0;;;;;;;;;;;;;;;;;;;;;;;;;;;;;;;;;;;;;;;;;;;;;;;;;;;;0
516;2019;Skrukkebukta;2;SB;1048;9;10;1;2;          ;2;235;270;27;27;1,19392369;1;2;+;8;1;7;vanskelig;        +;         -;         -;             -;1;              +;              +;;0;;;;;;;;;;;;;;;;;;;;;;;;;;;;;;;;;;;;;;;;;;;;;;;;;;;;0
1655;2021;Skrukkebukta;2;SB;1034;9;9;1;2;         -;2;281;270;27;27;1,427627902;1;2;       +;;;;;;        -;        -;        -;2;        +;1;;0;;;;;;;;;;;;;;;;;;;;;;;;;;;;;;;;;;;;;;;;;;;;;;;;;;;;0
98;2018;Skrukkebukta;2;SB;1005;9;10;1;2;;2;282;270;27;27;1,432708429;1;2;+;12;1;-;; +;-;-;-;1;+;+;;50;;;;;;;;;;;;;;;;;;;;;;;;;;;;;;;;50;;;;;;;;;;;;;;;;;;;;1
145;2018;Skrukkebukta;2;SB;1052;9;10;1;2;;2;299;270;27;27;1,519077376;2;2;+;14;1;-;; +;-;-;-;0;+;+;;50;;;;;;;;;;;;;;;;;;;;;;;;;;;;;;;;50;;;;;;;;;;;;;;;;0% i mage, men 1 fisk i glasset.;;;;1
977;2020;Skrukkebukta;2;SB;1045;9;11;1;2;-;2;259;270;27;27;1,315856323;1;2;+;15;1;-;;+;-;-;-;1;+;-;;80;;;;;;;;;;;;;;;;;;;;;;;;;;;;;;;;80;;;;;;;;;;;;;;;;;;;;1
997;2020;Skrukkebukta;2;SB;1065;9;11;1;2;-;2;313;274;27,4;27;1,521572495;2;2;+;15;1;-;;+;-;-;-;0;+;-;;90;;;;;;;;;;;;;;;;;;;;;;;;;;;;;;;;;40;;;50;;;;;;;;;;;;50 % coregonid;;;;1
139;2018;Skrukkebukta;2;SB;1046;9;10;1;2;;2;268;275;27,5;27;1,288655147;1;2;+;12;1;-;; +;-;-;-;0;+;+;;50;;;;;;;;;;;;;;;;;;;;;;;;;;;;;;;;50;;;;;;;;;;;;;;;;1 fisk utenfor mage og en fisk godt fordøyd;;;;1
538;2019;Skrukkebukta;2;SB;1071;9;10;1;2;          ;2;294;275;27,5;27;1,413673929;1;2;+;11;1;12;;        +;         -;         -;             -;3;              +;              +;;90;;;;;;;;;;;;;;;;;;;;;;;;;;;;;;;;;;90;;;;;;;;;;;;;;coregonus;;;;1
1009;2020;Skrukkebukta;2;SB;1077;9;11;1;2;-;2;327;276;27,6;27;1,555322685;2;2;+;15;1;-;;+;-;-;-;3;+;-;;0;;;;;;;;;;;;;;;;;;;;;;;;;;;;;;;;;;;;;;;;;;;;;;;;;;;;0
1010;2020;Skrukkebukta;2;SB;1078;9;11;1;2;-;2;238;276;27,6;27;1,13200856;2;2;+;14;1;-;;+;-;-;-;2;+;-;;0;;;;;;;;;;;;;;;;;;;;;;;;;;;;;;;;;;;;;;;;;;;;;;;;;;;;0
515;2019;Skrukkebukta;2;SB;1047;9;10;1;2;          ;2;317;279;27,9;27;1,459643012;2;2;+;9;1;8;;        +;         -;         -;             -;0;              +;              +;;0;;;;;;;;;;;;;;;;;;;;;;;;;;;;;;;;;;;;;;;;;;;;;;;;;;;;0
1006;2020;Skrukkebukta;2;SB;1074;9;11;2;2;-;2;265;279;27,9;27;1,220206303;1;2;+;15;1;-;;+;-;-;-;0;+;-;;30;;;;;;;;;;;;;;;;;;;;;;;;;;;;;;;;30;;;;;;;;;;;;;;;;;;;;1
543;2019;Skrukkebukta;2;SB;1077;9;11;1;2;          ;2;298;280;28;28;1,357507289;2;2;+;14;1;15;;        +;         -;         -;             -;0;              +;              +;;0;;;;;;;;;;;;;;;;;;;;;;;;;;;;;;;;;;;;;;;;;;;;;;;;;;;;0
1656;2021;Skrukkebukta;2;SB;1035;9;9;1;2;         -;2;375;280;28;28;1,708272595;1;2;       +;;;;;;        -;        -;        -;3;        +;1;;0;;;;;;;;;;;;;;;;;;;;;;;;;;;;;;;;;;;;;;;;;;;;;;;;;;;;0
103;2018;Skrukkebukta;2;SB;1010;9;10;1;2;;2;284;280;28;28;1,293731778;1;2;+;14;1;-;; +;-;-;-;2;+;+;;40;;;;;;;;;;;;;;;;;;;;;;;;;;;;;;;;40;;;;;;;;;;;;;;;;Godt fordøyd.;;;;1
966;2020;Skrukkebukta;2;SB;1034;9;11;1;2;-;2;322;282;28,2;28;1,435848262;2;2;+;15;1;-;;+;-;-;-;1;+;-;;0;;;;;;;;;;;;;;;;;;;;;;;;;;;;;;;;;;;;;;;;;;;;;;;;;;;;0
147;2018;Skrukkebukta;2;SB;1054;9;10;1;2;;2;327;282;28,2;28;1,458144042;2;2;+;14;1;-;; +;-;-;-;3;+;+;FG=100%;100;;;;;;;;;;;;;;;;;;;;;;;;;;;;;;;;100;;;;;;;;;;;;;;;;8 fisk. Mage var allerede åpnet.;;;;1
948;2020;Skrukkebukta;2;SB;1016;9;11;1;2;-;2;308;283;28,3;28;1,358912238;1;2;+;14;1;-;;+;-;-;-;2;+;-;;60;;;;;;;;;;;;;;;;;;;;;;;;;;;;;;;;60;;;;;;;;;;;;;;;;;;;;1
169;2018;Skrukkebukta;2;SB;1085;9;11;2;2;;2;334;285;28,5;28;1,442819113;1;2;+;13;1;-;; +;-;-;-;0;+;+;;40;;;;;;;;;;;;;;;;;;;;;;;;;;;;;;;;40;;;;;;;;;;;;;;;;;;;;1
146;2018;Skrukkebukta;2;SB;1053;9;10;1;2;;2;311;286;28,6;28;1,32942025;1;1;+;11;1;-;; +;-;-;-;1;+;+;;100;;;;;;;;;;;;;;;;;;;;;;;;;;;;;;;;;;100;;;;;;;;;;;;;;6 fisk. Tror det er sik.;;;;1
171;2018;Skrukkebukta;2;SB;1087;9;11;2;2;;2;307;288;28,8;28;1,285170986;1;2;+;13;1;-;; +;-;-;-;3;+;+;;0;;;;;;;;;;;;;;;;;;;;;;;;;;;;;;;;;;;;;;;;;;;;;;;;;;;;0
174;2018;Skrukkebukta;2;SB;1092;9;11;2;2;;2;323;293;29,3;29;1,284102411;1;2;+;13;1;-;To ulike operculum; +;-;-;-;7;+;+;;0;;;;;;;;;;;;;;;;;;;;;;;;;;;;;;;;;;;;;;;;;;;;;;;;;;;;0
528;2019;Skrukkebukta;2;SB;1061;9;10;1;2;          ;2;375;293;29,3;29;1,490830972;1;2;+;8;1;7;vanskelig;        +;         -;         -;             -;3;              +;              +;;0;;;;;;;;;;;;;;;;;;;;;;;;;;;;;;;;;;;;;;;;;;;;;;;;;;;;0
540;2019;Skrukkebukta;2;SB;1073;9;10;1;2;          ;2;362;294;29,4;29;1,424513533;1;2;+;11;1;12;eldre?vanskelig;        +;         -;         -;             -;1;              +;              +;;0;;;;;;;;;;;;;;;;;;;;;;;;;;;;;;;;;;;;;;;;;;;;;;;;;;;;0
544;2019;Skrukkebukta;2;SB;1078;9;11;1;2;          ;2;238;294;29,4;29;0,936558621;2;2;+;15;1;14;;        +;         -;         -;             -;0;              +;              +;;0;;;;;;;;;;;;;;;;;;;;;;;;;;;;;;;;;;;;;;;;;;;;;;;;;;;;0
490;2019;Skrukkebukta;2;SB;1021;9;10;1;2;          ;2;342;297;29,7;29;1,305439526;1;2;+;15;1;14;;        +;         -;         -;             -;2;              +;              +;;90;;;;;;;;;;;;;;;;;;;;;;;;;;;;;;;;90;;;;;;;;;;;;;;;;"stor bit; ikke stingsild";;;;1
1642;2021;Skrukkebukta;2;SB;1020;9;9;1;2;         -;2;307;301;30,1;30;1,12574205;2;2;       +;;;;;;        -;        -;        -;9;        +;1;;0;;;;;;;;;;;;;;;;;;;;;;;;;;;;;;;;;;;;;;;;;;;;;;;;;;;;0
142;2018;Skrukkebukta;2;SB;1049;9;10;1;2;;2;389;301;30,1;30;1,426428852;1;2;+;13;1;-;; +;-;-;-;1;+;+;;50;;;;;;;;;;;;;;;;;;;;;;;;;;;;;;;;50;;;;;;;;;;;;;;;;To fisk. Godt fordøyd.;;;;1
1624;2021;Skrukkebukta;2;SB;1001;9;9;1;2;         -;2;405;305;30,5;30;1,427432252;1;2;       +;;;;;;        -;        -;        -;9;        +;1;;0;;;;;;;;;;;;;;;;;;;;;;;;;;;;;;;;;;;;;;;;;;;;;;;;;;;;0
117;2018;Skrukkebukta;2;SB;1024;9;10;1;2;;2;339;305;30,5;30;1,194813663;1;2;+;13;1;-;; +;-;-;-;6;+;+;;10;;;;;;;;;;;;;;;;;;;;;;;;;;;;;;;;10;;;;;;;;;;;;;;;;Helt fordøyd. Beinrester.;;;;1
494;2019;Skrukkebukta;2;SB;1025;9;10;1;2;          ;2;450;306;30,6;30;1,570537224;1;2;+;14;1;13;;        +;         -;         -;             -;1;              +;              +;;0;;;;;;;;;;;;;;;;;;;;;;;;;;;;;;;;;;;;;;;;;;;;;;;;;;;;0
539;2019;Skrukkebukta;2;SB;1072;9;10;1;2;          ;2;430;306;30,6;30;1,50073557;1;2;+;13;1;14;;        +;         -;         -;             -;1;              +;              +;;0;;;;;;;;;;;;;;;;;;;;;;;;;;;;;;;;;;;;;;;;;;;;;;;;;;;;0
487;2019;Skrukkebukta;2;SB;1018;9;10;1;2;          ;2;393;308;30,8;30;1,345056108;2;2;+;12;1;-;vanskelig;        +;         -;         -;             -;2;              +;              +;;0;;;;;;;;;;;;;;;;;;;;;;;;;;;;;;;;;;;;;;;;;;;;;;;;;;;;0
575;2019;Skrukkebukta;2;SB;1110;9;11;1;2;          ;2;336;308;30,8;30;1,149971634;1;2;+;15;1;16;kan være eldre?;        +;         -;         -;             -;1;               -;               -;;0;;;;;;;;;;;;;;;;;;;;;;;;;;;;;;;;;;;;;;;;;;;;;;;;;;;;0
579;2019;Skrukkebukta;2;SB;1114;9;11;1;2;          ;2;408;310;31;31;1,369541137;1;2;+;14;1;13;;        +;         -;         -;             -;0;               -;               -;;0;;;;;;;;;;;;;;;;;;;;;;;;;;;;;;;;;;;;;;;;;;;;;;;;;;;;0
947;2020;Skrukkebukta;2;SB;1015;9;11;1;2;-;2;351;312;31,2;31;1,155695266;1;2;+;14;1;-;;+;-;-;-;11;+;-;;0;;;;;;;;;;;;;;;;;;;;;;;;;;;;;;;;;;;;;;;;;;;;;;;;;;;;0
143;2018;Skrukkebukta;2;SB;1050;9;10;1;2;;2;368;312;31,2;31;1,211669111;1;2;+;13;1;14;; +;-;-;-;5;+;+;;30;;;;;;;;;;;;;;;;;;;;;;;;;;;;;;;;30;;;;;;;;;;;;;;;;;;;;1
141;2018;Skrukkebukta;2;SB;1048;9;10;1;2;;2;414;315;31,5;31;1,324550984;1;2;+;12;1;-;; +;-;-;-;2;+;+;;70;;;;;;;;;;;;;;;;;;;;;;;;;;;;;;;;;;70;;;;;;;;;;;;;;tre fisk. Tror det er sik.;;;;1
486;2019;Skrukkebukta;2;SB;1017;9;10;1;2;          ;2;468;316;31,6;31;1,483148392;1;2;+;15;1;-;;        +;         -;         -;             -;5;              +;              +;;0;;;;;;;;;;;;;;;;;;;;;;;;;;;;;;;;;;;;;;;;;;;;;;;;;;;;0
154;2018;Skrukkebukta;2;SB;1070;9;10;1;2;;2;394;316;31,6;31;1,248633475;1;2;+;14;1;-;; +;-;-;-;0;+;+;;20;;;;;;;;;;;;;;;;;;;;;;;;;;;;;;;;20;;;;;;;;;;;;;;;;;;;;1
144;2018;Skrukkebukta;2;SB;1051;9;10;1;2;;2;448;316;31,6;31;1,419765982;1;2;+;13;1;-;; +; - ;-;-;6;+;+;;40;;;;;;;;;;;;;;;;;;;;;;;;;;;;;;;;40;;;;;;;;;;;;;;;;Kun ryggmarger;;;;1
574;2019;Skrukkebukta;2;SB;1109;9;11;1;2;          ;2;472;318;31,8;31;1,467778895;1;2;+;11;1;12;;        +;         -;         -;             -;0;               -;               -;;90;;;;;;;;;;;;;;;;;;;;;;;;;;;;;;;;;;;;;90;;;;;;;;;;;abbor;;;;1
555;2019;Skrukkebukta;2;SB;1089;9;11;1;2;          ;2;339;321;32,1;32;1,024907334;2;2;+;12;1;13;eldre?vanskelig;        +;         -;         -;             -;0;              +;              +;;70;;;;;;;;;;;;;;;;;;;;5;;;;;;;;;;;;60;;;;;;;;;;;;5;;;;stein;;;;1
168;2018;Skrukkebukta;2;SB;1084;9;11;2;2;;2;425;322;32,2;32;1,272979222;1;2;+;12;1;-;; +;-;-;-;4;+;+;;30;;;;;;;;;;;;;;;;;;;;;;;;;;;;;;;;30;;;;;;;;;;;;;;;;;;;;1
101;2018;Skrukkebukta;2;SB;1008;9;10;1;2;;2;455;327;32,7;32;1,301272161;2;2;+;11;1;-;; +;-;-;-;0;+;+;;0;;;;;;;;;;;;;;;;;;;;;;;;;;;;;;;;;;;;;;;;;;;;;;;;;;;;0
161;2018;Skrukkebukta;2;SB;1077;9;11;1;2;;2;496;332;33,2;33;1,355399825;1;2;+;15;1;-;; +;-;-;-;0;+;+;;0;;;;;;;;;;;;;;;;;;;;;;;;;;;;;;;;;;;;;;;;;;;;;;;;;;;;0
513;2019;Skrukkebukta;2;SB;1045;9;10;1;2;          ;2;558;334;33,4;33;1,497596438;2;2;+;11;1;10;;        +;         -;         -;             -;15;              +;              +;;40;;;;;;;;;;;;;;;;;;;;;;;;;;;;;;;;40;;;;;;;;;;;;;;;;rest;;;;1
541;2019;Skrukkebukta;2;SB;1074;9;10;1;2;          ;2;392;336;33,6;33;1,033399471;1;2;+;14;1;-;;        +;         -;         -;             -;0;              +;              +;;20;;;;;;;;;;;;;;;;;;;;;;;;;;;;;;;;20;;;;;;;;;;;;;;;;rest;;;;1
1008;2020;Skrukkebukta;2;SB;1076;9;11;1;2;-;2;532;340;34;34;1,353551801;1;2;+;15;1;-;;+;-;-;-;11;+;-;FG 50 % coregonid > 85 mm;50;;;;;;;;;;;;;;;;;;;;;;;;;;;;;;;;;;;;50;;;;;;;;;;;;coregonid > 85 mm;;;;1
94;2018;Skrukkebukta;2;SB;1001;9;10;1;2;;2;419;343;34,3;34;1,03832106;1;3;+;12;1;-;; +;-;-;-;24;+;+;;20;;;;;;;;;;;;;;;;;;;;;;;;;20;;;;;;;;;;;;;;;;;;;;;;;;;;;0
140;2018;Skrukkebukta;2;SB;1047;9;10;1;2;;2;624;348;34,8;34;1,480631068;1;2;+;13;1;-;; +;-;-;-;12;+;+;;80;;;;;;;;;;;;;;;;;;;;;;;;;;;;;;;;80;;;;;;;;;;;;;;;;2 x <5 cm. 1x ca 3 cm;;;;1
514;2019;Skrukkebukta;2;SB;1046;9;10;1;2;          ;2;688;362;36,2;36;1,450316295;1;2;+;17;1;-;usikker, eldre?;        +;         -;         -;             -;2;              +;              +;;0;;;;;;;;;;;;;;;;;;;;;;;;;;;;;;;;;;;;;;;;;;;;;;;;;;;;0
554;2019;Skrukkebukta;2;SB;1088;9;11;1;2;          ;2;680;363;36,3;36;1,421638046;1;2;+;13;1;-;;        +;         -;         -;             -;0;              +;              +;;60;;;;;;;;;;;;;;;;;;;;;;;;;;;;;;;;60;;;;;;;;;;;;;;;;"rest, stor bit; ikke stingsild";;;;1
1007;2020;Skrukkebukta;2;SB;1075;9;11;1;2;-;2;677;365;36,5;36;1,392227075;1;2;+;15;1;-;;+;-;-;-;2;+;-;;80;;;;;;;;;;;;;;;;;;;;;;;;;;;;;;;;80;;;;;;;;;;;;;;;;trolig Coregonide;;;;1
933;2020;Skrukkebukta;2;SB;1001;9;11;1;2;-;2;799;383;38,3;38;1,422166543;1;2;+;16;1;-;;+;-;-;-;5;+;-;;80;;;;;;;;;;;;;;;;;;;;;;;;;;;;;;;;80;;;;;;;;;;;;;;;;trolig Coregonide;;;;1
