Rekkefølge;År;Hovedlokalitet;Hovedlokkode;Sted;Nr;Mnd;Dag;Hab;Art;ArtPop;Vekt;Lengde;Lencm;Lengrcm;Kond;Kjønn;Stadium;Operculum;Alder;ALDOK;AltAld;AldMerkn;Mage;MC;Azygia;Gjeddemakk;Gjellelus;Muskel;SIA;Merknad;FG;Bosmina;Daphnia;Holoped;Bythotrep;Polyph;Leptodora;CyclCop;CalCop;Acantocycl;Littorale småkreps;Linsekreps;Krystallkr;Muslingkr;Marflo;Asell;Damsnegl;Skivesnegl;Gjellesnegl;Ertemusl;Luftins;ChirPup;ChirLarv;VårflPup;VårflLMHus;VårflLUHus;Døgnfll;Steinfll;Muddfll;Stankelbl;Vannbiller;Vannmidd;FiskUid;90pigg;sik;lagesild;UidCoreg;abbor;ørekyte;lake;gjedde;ørret;niøye;Egg;Annet;UidInsL;UidPlankt;Uid;Mageanmerkn;;piscivorous
893;2020;Vaggatem;1;RB;1062;9;7;2;2;2;11,5;100;10;10;1,15;2;1;+;2;1;-;;+;-;-;-;0;-;-;;5;;;;;;;;;;;;;;;;;;;;;;;;;;;;;;;;;;;;;;;;;;;;;;;;;;0
1385;2020;Vaggatem;1;TB;1107;9;9;2;2;2;12,5;102;10,2;10;1,038531458;2;1;+;1;1;0;ser kun innerste sone;-;-;-;-;0;+;-;;0;;;;;;;;;;;;;;;;;;;;;;;;;;;;;;;;;;;;;;;;;;;;;;;;;;
904;2020;Vaggatem;1;RB;1073;9;7;2;2;2;12;103;10,3;10;1,177902918;2;1;+;2;1;-;;+;-;-;-;0;-;-;;0;;;;;;;;;;;;;;;;;;;;;;;;;;;;;;;;;;;;;;;;;;;;;;;;;;0
223;2018;Vaggatem;1;TB;17;9;8;1;2;2;11,8;104;10,4;10;1,098169991;2;1;+;2;1;1;;+;-;-;-;0;-;-;;0;;;;;;;;;;;;;;;;;;;;;;;;;;;;;;;;;;;;;;;;;;;;;;;;;;0
233;2018;Vaggatem;1;TB;27;9;8;1;2;2;12,2;104;10,4;10;1,049015703;1;1;+;2;1;-;; +;-;-;-;0;+;-;whole fish frozen;0;;;;;;;;;;;;;;;;;;;;;;;;;;;;;;;;;;;;;;;;;;;;;;;;;;0
1388;2020;Vaggatem;1;TB;1110;9;9;2;2;2;12;104;10,4;10;1,084575558;2;1;+;2;1;-;; +;-;-;-;0;+;-;whole fish frozen;0;;;;;;;;;;;;;;;;;;;;;;;;;;;;;;;;;;;;;;;;;;;;;;;;;;0
1384;2020;Vaggatem;1;TB;1106;9;9;2;2;2;14,5;107;10,7;10;1,06679563;2;1;+;2;1;-;;+;-;-;-;0;-;-;;0;;;;;;;;;;;;;;;;;;;;;;;;;;;;;;;;;;;;;;;;;;;;;;;;;;0
1383;2020;Vaggatem;1;TB;1105;9;9;2;2;2;13,4;108;10,8;10;8,329023288;1;1;       +;;;;;;          -;       -;          -;0;       +;1;;20;;;;;;;;;;;15;;;;5;;;;;;;;;;;;;;;;;;;;;;;;;;;;;;;;;;;
235;2018;Vaggatem;1;TB;29;9;8;1;2;2;14,2;109;10,9;10;1,183631921;2;1;+;2;1;-;;+;-;-;-;0;-;-;;20;;;;;;;;;;;20;;;;;;;;;;;;;;;;;;;;;;;;;;;;;;;;;;;;;;;0
1382;2020;Vaggatem;1;TB;1104;9;9;2;2;2;15,3;112;11,2;11;1,063735203;1;1;+;2;1;-;;+;-;-;-;0;-;-;;0;;;;;;;;;;;;;;;;;;;;;;;;;;;;;;;;;;;;;;;;;;;;;;;;;;0
455;2019;Vaggatem;1;RB;1063;9;8;1;2;2;17,2;113;11,3;11;1,063735203;1;1;       +;;;;;;        -;        -;        -;0;        +;1;;5;;;;;;;;1;;;;;;;;;;;;;3;;;;;;;;;;;;;;;;;;;;;;;;;1;;rest;;
678;2019;Vaggatem;1;TB;1079;9;7;2;2;2;16,4;114;11,4;11;1,096500542;1;1;+;2;1;-;; +;-;-;-;0;+;-;whole fish frozen;10;;;;;;;;;;;;;;;;;;;;;;;;;10;;;;;;;;;;;;;;;;;;;;;;;;;0
5;2018;Vaggatem;1;RB;1155;9;7;1;2;2;20,6;117;11,7;11;1,217129977;1;1;       +;;;;;;        -;        -;        -;0;        +;1;;0;;;;;;;;;;;;;;;;;;;;;;;;;;;;;;;;;;;;;;;;;;;;;;;;;;
624;2019;Vaggatem;1;TB;1025;9;7;1;2;2;19,6;117;11,7;11;1,126972201;2;1;       +;;;;;;        -;        -;        -;2;        +;1;;0;;;;;;;;;;;;;;;;;;;;;;;;;;;;;;;;;;;;;;;;;;;;;;;;;;
1378;2020;Vaggatem;1;TB;1100;9;9;2;2;2;20;118;11,8;11;1,141998497;2;1;       +;;;;;;        -;        -;        -;0;        +;1;;5;;;;;;;;;;;;;;;;;;;;;5;;;;;;;;;;;;;;;;;;;;;;;;;;;;;
1375;2020;Vaggatem;1;TB;1097;9;9;2;2;2;21,9;121;12,1;12;1,089023779;1;1;+;2;1;-;;+;-;-;-;0;-;-;;0;;;;;;;;;;;;;;;;;;;;;;;;;;;;;;;;;;;;;;;;;;;;;;;;;;0
680;2019;Vaggatem;1;TB;1081;9;7;2;2;2;23,8;123;12,3;12;1,192046279;2;1;+;2;1;-;;         +;           -;           -;           -;0;              +;                 -;;0;;;;;;;;;;;;;;;;;;;;;;;;;;;;;;;;;;;;;;;;;;;;;;;;;;0
1376;2020;Vaggatem;1;TB;1098;9;9;2;2;2;22,3;124;12,4;12;1,106953287;1;1;+;2;1;-;;       +;           -;           -;0;0;        +;         -;;0;;;;;;;;;;;;;;;;;;;;;;;;;;;;;;;;;;;;;;;;;;;;;;;;;;0
681;2019;Vaggatem;1;TB;1082;9;7;2;2;2;23,4;124;12,4;12;1,228448159;1;1;       +;;;;;;          -;       -;          -;0;       +;1;;0;;;;;;;;;;;;;;;;;;;;;;;;;;;;;;;;;;;;;;;;;;;;;;;;;;
618;2019;Vaggatem;1;TB;1019;9;7;1;2;2;21,4;125;12,5;12;1,106953287;2;1;       +;;;;;;        -;        -;        -;0;        +;1;;0;;;;;;;;;;;;;;;;;;;;;;;;;;;;;;;;;;;;;;;;;;;;;;;;;;
422;2019;Vaggatem;1;RB;1030;9;8;1;2;2;25;125;12,5;12;1,147451578;1;1;       +;;;;;;        -;        -;        -;0;        +;1;;40;;;;;;;;;;;30;;;;5;;;;;;;5;;;;;;;;;;;;;;;;;;;;;;;;;;;;
1159;2020;Vaggatem;1;TB;1049;9;8;2;2;2;25,6;127;12,7;12;1,249280842;2;1;       +;;;;;;          -;       -;          -;0;       -;0;;0;;;;;;;;;;;;;;;;;;;;;;;;;;;;;;;;;;;;;;;;;;;;;;;;;;
1377;2020;Vaggatem;1;TB;1099;9;9;2;2;2;26;132;13,2;13;1,144078244;2;1;       +;;;;;;        -;        -;        -;0;        +;1;;0;;;;;;;;;;;;;;;;;;;;;;;;;;;;;;;;;;;;;;;;;;;;;;;;;;
892;2020;Vaggatem;1;RB;1061;9;7;2;2;2;30,6;133;13,3;13;1,286203346;2;1;+;2;1;-;;        +;-;-;-;0;+;+;;0;;;;;;;;;;;;;;;;;;;;;;;;;;;;;;;;;;;;;;;;;;;;;;;;;;0
1380;2020;Vaggatem;1;TB;1102;9;9;2;2;2;27,8;133;13,3;13;1,223766291;2;1;+;3;1;-;;       +;           -;           -;           -;1;        +;        +;;0;;;;;;;;;;;;;;;;;;;;;;;;;;;;;;;;;;;;;;;;;;;;;;;;;;0
1364;2020;Vaggatem;1;TB;1086;9;9;2;2;2;30;134;13,4;13;1,223766291;2;1;       +;;;;;;          -;       -;          -;0;       +;1;;0;;;;;;;;;;;;;;;;;;;;;;;;;;;;;;;;;;;;;;;;;;;;;;;;;;
1390;2020;Vaggatem;1;TB;1112;9;9;2;2;2;29,6;135;13,5;13;1,223766291;2;1;       +;;;;;;        -;        -;        -;0;        +;1;;0;;;;;;;;;;;;;;;;;;;;;;;;;;;;;;;;;;;;;;;;;;;;;;;;;;
649;2019;Vaggatem;1;TB;1050;9;7;1;2;2;31;135;13,5;13;1,19291651;2;1;       +;;;;;;        -;        -;        -;0;        +;1;;0;;;;;;;;;;;;;;;;;;;;;;;;;;;;;;;;;;;;;;;;;;;;;;;;;;
869;2020;Vaggatem;1;RB;1038;9;7;1;2;2;32,7;136;13,6;13;1,217261745;2;1;       +;;;;;;        -;        -;        -;1;        +;1;;0;;;;;;;;;;;;;;;;;;;;;;;;;;;;;;;;;;;;;;;;;;;;;;;;;;
1381;2020;Vaggatem;1;TB;1103;9;9;2;2;2;29,2;136;13,6;13;1,217261745;1;1;+;3;1;4;;+;-;-;-;1;-;-;;40;;;;;;;;;;;40;;;;;;;;;;;;;;;;;;;;;;;;;;;;;;;;;;;;;;;0
1379;2020;Vaggatem;1;TB;1101;9;9;2;2;2;34,4;139;13,9;13;1,174963312;1;1;       +;;;;;;          -;       -;          -;0;       +;1;;0;;;;;;;;;;;;;;;;;;;;;;;;;;;;;;;;;;;;;;;;;;;;;;;;rest, ikke stingsild;;
31;2018;Vaggatem;1;RB;1181;9;7;1;2;2;33,4;139;13,9;13;1,115621731;1;1;       +;;;;;;        -;        -;        -;1;        +;1;;0;;;;;;;;;;;;;;;;;;;;;;;;;;;;;;;;;;;;;;;;;;;;;;;;;;
231;2018;Vaggatem;1;TB;25;9;8;1;2;2;35;141;14,1;14;1,186831628;1;1;       +;;;;;;          -;       -;          -;0;       +;1;;2;;;;;;;;;;;;;;;;;;;;;1;1;;;;;;;;;;;;;;;;;;;;;;;;;;;;
1370;2020;Vaggatem;1;TB;1092;9;9;2;2;2;33,9;142;14,2;14;1,215277778;1;1;       +;;;;;;        -;        -;        -;0;        +;1;;50;;;;;;;;;;;40;;;;9;;;;;;;1;;;;;;;;;;;;;;;;;;;;;;;;;;;;
421;2019;Vaggatem;1;RB;1029;9;8;1;2;2;37,4;142;14,2;14;1,174105775;1;1;       +;;;;;;          -;       -;          -;0;       +;1;;0;;;;;;;;;;;;;;;;;;;;;;;;;;;;;;;;;;;;;;;;;;;;;;;;rest ;;
1371;2020;Vaggatem;1;TB;1093;9;9;2;2;2;33,4;143;14,3;14;1,236197907;2;1;+;2;1;-;;+;-;-;-;0;-;-;;3;;;;;;;;;;;;;;;;;;;;;;;;;;;;;;;;;;;;;;;;;;;;;;;;;;0
1373;2020;Vaggatem;1;TB;1095;9;9;2;2;2;34,4;143;14,3;14;1,278973726;1;1;+;3;1;-;;       +;           -;           -;0;0;        +;         -;;0;;;;;;;;;;;;;;;;;;;;;;;;;;;;;;;;;;;;;;;;;;;;;;;;;;0
25;2018;Vaggatem;1;RB;1175;9;7;1;2;2;37,2;143;14,3;14;1,169606593;1;1;+;3;1;2;;+;-;-;-;0;-;-;;0;;;;;;;;;;;;;;;;;;;;;;;;;;;;;;;;;;;;;;;;;;;;;;;;;;0
866;2020;Vaggatem;1;RB;1035;9;7;1;2;2;39,8;143;14,3;14;1,279748917;2;2;       +;;;;;;          -;       -;          -;1;       +;1;;0;;;;;;;;;;;;;;;;;;;;;;;;;;;;;;;;;;;;;;;;;;;;;;;;;;
867;2020;Vaggatem;1;RB;1036;9;7;1;2;2;36,3;143;14,3;14;1,227300191;1;1;+;4;1;3;;       +;           -;           -;0;0;        +;         -;;10;;;;;;;;;;;;;;;;;;;;;;;;;;;;;;;;10;;;;;;;;;;;;;;;;fiskerest;;1
1374;2020;Vaggatem;1;TB;1096;9;9;2;2;2;33,6;144;14,4;14;1,09568;2;1;+;3;1;-;;       +;           -;           -;           -;1;        +;        +;;0;;;;;;;;;;;;;;;;;;;;;;;;;;;;;;;;;;;;;;;;;;;;;;;;;;0
868;2020;Vaggatem;1;RB;1037;9;7;1;2;2;34,6;144;14,4;14;1,15712;1;1;       +;;;;;;        -;        -;        -;1;        +;1;;0;;;;;;;;;;;;;;;;;;;;;;;;;;;;;;;;;;;;;;;;;;;;;;;;;;
679;2019;Vaggatem;1;TB;1080;9;7;2;2;2;38,6;145;14,5;14;1,28;1;1;+;4;1;-;;         +;           -;           -;           -;0;              +;         -;;80;;;;;10;;;;;;70;;;;;;;;;;;;;;;;;;;;;;;;;;;;;;;;;;;;;;;0
1361;2020;Vaggatem;1;TB;1083;9;9;2;2;2;41;145;14,5;14;1,1297876;1;1;       +;;;;;;        -;        -;        -;0;        +;1;;0;;;;;;;;;;;;;;;;;;;;;;;;;;;;;;;;;;;;;;;;;;;;;;;;;;
1369;2020;Vaggatem;1;TB;1091;9;9;2;2;2;37,9;145;14,5;14;1,159781961;1;1;       +;;;;;;        -;        -;        -;0;        +;1;;0;;;;;;;;;;;;;;;;;;;;;;;;;;;;;;;;;;;;;;;;;;;;;;;;;;
612;2019;Vaggatem;1;TB;1013;9;7;1;2;2;34,6;146;14,6;14;1,209772563;2;2;       +;;;;;;        -;        -;        -;0;        +;1;;40;;;;;;;;;;;;;;;40;;;;;;;;;;;;;;;;;;;;;;;;;;;;;;;;;;;
212;2018;Vaggatem;1;TB;6;9;8;1;2;2;39,2;146;14,6;14;1,249766279;2;2;+;3;1;-;;+;-;-;-;0;-;-;;0;;;;;;;;;;;;;;;;;;;;;;;;;;;;;;;;;;;;;;;;;;;;;;;;;;0
467;2019;Vaggatem;1;RB;1075;9;8;2;2;2;40,6;147;14,7;14;1,298585274;2;1;       +;;;;;;          -;       -;          -;0;       +;1;;0;;;;;;;;;;;;;;;;;;;;;;;;;;;;;;;;;;;;;;;;;;;;;;;;;;
32;2018;Vaggatem;1;RB;1182;9;7;1;2;2;41,6;147;14,7;14;1,165225307;1;1;       +;;;;;;          -;       -;          -;0;       +;1;;0;;;;;;;;;;;;;;;;;;;;;;;;;;;;;;;;;;;;;;;;;;;;;;;;;;
19;2018;Vaggatem;1;RB;1169;9;7;1;2;2;46;149;14,9;14;1,130450511;2;1;+;4;1;-;;+;-;-;-;1;-;-;;0;;;;;;;;;;;;;;;;;;;;;;;;;;;;;;;;;;;;;;;;;;;;;;;;;;0
219;2018;Vaggatem;1;TB;13;9;8;1;2;2;49,2;150;15;15;1,300668144;2;2;+;3;1;-;;+;-;-;-;0;-;-;;0;;;;;;;;;;;;;;;;;;;;;;;;;;;;;;;;;;;;;;;;;;;;;;;;;;0
420;2019;Vaggatem;1;RB;1028;9;8;1;2;2;41,2;150;15;15;1,181652758;1;1;+;4;1;-;;+;-;-;-;0;-;-;;0;;;;;;;;;;;;;;;;;;;;;;;;;;;;;;;;;;;;;;;;;;;;;;;;;;0
230;2018;Vaggatem;1;TB;24;9;8;1;2;2;38,8;151;15,1;15;1,246828899;1;1;+;4;1;-;;+;-;-;-;0;-;-;;0;;;;;;;;;;;;;;;;;;;;;;;;;;;;;;;;;;;;;;;;;;;;;;;;;;0
674;2019;Vaggatem;1;TB;1075;9;7;2;2;2;45,6;152;15,2;15;1,203068638;2;2;+;3;1;-;;+;-;-;-;0;-;-;;0;;;;;;;;;;;;;;;;;;;;;;;;;;;;;;;;;;;;;;;;;;;;;;;;;;0
891;2020;Vaggatem;1;RB;1060;9;7;2;2;2;45,7;153;15,3;15;1,259970533;1;1;+;4;1;-;;       +;           -;           -;           -;0;        +;         -;;30;;;;;;;;;;;20;;;;;;;;;;;10;;;;;;;;;;;;;;;;;;;;;;;;;;;;0
634;2019;Vaggatem;1;TB;1035;9;7;1;2;2;44,6;154;15,4;15;1,299963108;2;2;+;3;1;-;;+;-;-;-;1;+;-;;0;;;;;;;;;;;;;;;;;;;;;;;;;;;;;;;;;;;;;;;;;;;;;;;;;;0
34;2018;Vaggatem;1;RB;1184;9;7;1;2;2;52;155;15,5;15;1,160823326;2;1;+;3;1;-;;+;-;-;-;0;-;-;;0;;;;;;;;;;;;;;;;;;;;;;;;;;;;;;;;;;;;;;;;;;;;;;;;;;0
222;2018;Vaggatem;1;TB;16;9;8;1;2;2;45,8;156;15,6;15;1,280896508;1;1;+;3;1;-;;+;-;-;-;0;-;-;;0;;;;;;;;;;;;;;;;;;;;;;;;;;;;;;;;;;;;;;;;;;;;;;;;;;0
36;2018;Vaggatem;1;RB;1186;9;7;1;2;2;50,2;156;15,6;15;1,243661145;2;1;+;3;1;-;;        +;-;-;-;1;-;-;;40;;;;;;;;;;;35;;;;;;;;;;;;;5;;;;;;;;;;;;;;;;;;;;;;;;;;0
632;2019;Vaggatem;1;TB;1033;9;7;1;2;2;48,6;159;15,9;15;1,248563706;1;1;+;4;1;-;; +;-;-;-;0;+;+;;20;;;;;;;;;;;1;;;;;;;;;;;;;;;;;;;;;19;;;;;;;;;;;;;;;;;;1
676;2019;Vaggatem;1;TB;1077;9;7;2;2;2;56,8;159;15,9;15;1,183953553;1;1;+;2;1;-;;+;-;-;-;0;-;-;;0;;;;;;;;;;;;;;;;;;;;;;;;;;;;;;;;;;;;;;;;;;;;;;;;;;0
1367;2020;Vaggatem;1;TB;1089;9;9;2;2;2;53,4;159;15,9;15;1,306190645;1;1;+;5;1;-;;         +;           -;           -;           -;0;              +;         -;;80;;;;;10;;;;;;50;9;;;10;;;;;;;;;1;;;;;;;;;;;;;;;;;;;;;;;;;;0
1151;2020;Vaggatem;1;TB;1041;9;8;1;2;2;54,6;159;15,9;15;1,142190002;1;1;+;3;1;2;;+;-;-;-;0;-;-;;0;;;;;;;;;;;;;;;;;;;;;;;;;;;;;;;;;;;;;;;;;;;;;;;;;;0
454;2019;Vaggatem;1;RB;1062;9;8;1;2;2;54,6;160;16;16;1,176387308;1;1;+;6;1;-;;+;-;-;-;1;-;-;;0;;;;;;;;;;;;;;;;;;;;;;;;;;;;;;;;;;;;;;;;;;;;;;;;;;0
863;2020;Vaggatem;1;RB;1032;9;7;1;2;2;52,8;160;16;16;1,272139763;1;1;+;3;1;4;;        +;-;-;-;0;+;+;;40;;;;;;;;;;;25;;;;15;;;;;;;;;;;;;;;;;;;;;;;;;;;;;;;;;;;0
1365;2020;Vaggatem;1;TB;1087;9;9;2;2;2;47,2;160;16;16;1,361052757;2;2;+;4;1;-;litt ødelagt i kantene, vanskelig;+;-;-;-;0;+;-;;50;;;;;;;;;;;50;;;;;;;;;;;;;;;;;;;;;;;;;;;;;;;;;;;;;;;0
15;2018;Vaggatem;1;RB;1165;9;7;1;2;2;52,2;160;16;16;1,241362188;1;1;+;3;1;-;litt ødelagt i kantene, vanskelig;+;-;-;-;0;+;-;;60;;;;;;;;;;;55;;;;5;;;;;;;;;;;;;;;;;;;;;;;;;;;;;;;;;;;0
413;2019;Vaggatem;1;RB;1021;9;8;1;2;2;48,8;160;16;16;1,172142918;1;1;+;3;1;-;;-;-;-;-;0;+;-;;0;;;;;;;;;;;;;;;;;;;;;;;;;;;;;;;;;;;;;;;;;;;;;;;;;;
45;2018;Vaggatem;1;RB;1195;9;7;1;2;2;56,2;160;16;16;1,125257202;2;1;+;4;1;-;;+;-;-;-;0;-;-;;0;;;;;;;;;;;;;;;;;;;;;;;;;;;;;;;;;;;;;;;;;;;;;;;;;;0
402;2019;Vaggatem;1;RB;1010;9;8;1;2;2;50,8;160;16;16;1,158746999;1;1;+;3;1;4;;+;-;-;-;1;+;-;;20;15;;;;;;;;;;;;;;5;;;;;;;;;;;;;;;;;;;;;;;;;;;;;;;;;;;0
1368;2020;Vaggatem;1;TB;1090;9;9;2;2;2;47,2;162;16,2;16;1,266144573;1;1;+;4;1;-;;       +;           -;           -;0;0;        +;         -;;0;;;;;;;;;;;;;;;;;;;;;;;;;;;;;;;;;;;;;;;;;;;;;;;;;;0
2;2018;Vaggatem;1;RB;1152;9;7;1;2;2;58,6;162;16,2;16;1,344868588;2;1;+;4;1;3;;+;-;-;-;0;-;-;;0;;;;;;;;;;;;;;;;;;;;;;;;;;;;;;;;;;;;;;;;;;;;;;;;;;0
8;2018;Vaggatem;1;RB;1158;9;7;1;2;2;62,2;162;16,2;16;1,243183402;1;1;+;4;1;-;;+;-;-;-;0;-;-;;0;;;;;;;;;;;;;;;;;;;;;;;;;;;;;;;;;;;;;;;;;;;;;;;;;;0
658;2019;Vaggatem;1;TB;1059;9;7;1;2;2;55,6;163;16,3;16;1,201746967;2;2;+;3;1;4;vanskelig;-;-;-;-;0;+;-;;0;;;;;;;;;;;;;;;;;;;;;;;;;;;;;;;;;;;;;;;;;;;;;;;;;;
673;2019;Vaggatem;1;TB;1074;9;7;2;2;2;53,6;163;16,3;16;1,111776606;1;1;+;4;1;-;;       +;           -;           -;           -;0;        +;        +;;5;;;;;;;;;;;4;;;;;;;;;;;;;;;;;;;;;;;;;;;;;;;;;;;1;;zooplanktonrest;;0
855;2020;Vaggatem;1;RB;1024;9;7;1;2;2;58,6;163;16,3;16;1,259585057;1;1;+;3;1;-;; +;-;-;-;0;+;+;;10;;;;;;;;;;;;;;;10;;;;;;;;;;;;;;;;;;;;;;;;;;;;;;;;;;;0
464;2019;Vaggatem;1;RB;1072;9;8;2;2;2;54,8;163;16,3;16;1,278127059;2;2;+;4;1;3;;         +;           -;           -;           -;0;              +;                 -;;60;;;;;;;;;;;;;;;;;;;;;;60;;;;;;;;;;;;;;;;;;;;;;;;;;;;0
661;2019;Vaggatem;1;TB;1062;9;7;2;2;2;56,8;164;16,4;16;1,309608021;1;1;+;5;1;-;;        +;-;-;-;0;-;-;;90;;10;;;;;;;;;63;;;;1;;1;;;;;;10;5;;;;;;;;;;;;;;;;;;;;;;;;;;0
677;2019;Vaggatem;1;TB;1078;9;7;2;2;2;57,6;164;16,4;16;1,289410301;1;1;       +;;;;;;          -;       -;          -;0;       +;1;;60;;;;;;;;;;;60;;;;;;;;;;;;;;;;;;;;;;;;;;;;;;;;;;;;;;;
864;2020;Vaggatem;1;RB;1033;9;7;1;2;2;57,5;164;16,4;16;1,227346613;1;1;       +;;;;;;          -;       -;          -;0;       +;1;;0;;;;;;;;;;;;;;;;;;;;;;;;;;;;;;;;;;;;;;;;;;;;;;;;;;
28;2018;Vaggatem;1;RB;1178;9;7;1;2;2;59,2;164;16,4;16;1,390589758;2;1;+;5;1;-;;        +;-;-;-;0;+;+;;60;;;;;;;;;;;40;;;;20;;;;;;;;;;;;;;;;;;;;;;;;;;;;;;;;;;;0
44;2018;Vaggatem;1;RB;1194;9;7;1;2;2;56,6;164;16,4;16;1,457777778;2;2;+;5;1;-;; +;-;-;-;0;+;+;;0;;;;;;;;;;;;;;;;;;;;;;;;;;;;;;;;;;;;;;;;;;;;;;;;;;0
42;2018;Vaggatem;1;RB;1192;9;7;1;2;2;62,6;165;16,5;16;1,220740741;1;1;+;6;1;5;;         +;           -;           -;           -;0;              +;         -;;0;;;;;;;;;;;;;;;;;;;;;;;;;;;;;;;;;;;;;;;;;;;;;;;;;;0
470;2019;Vaggatem;1;RB;1078;9;8;2;2;2;61,8;165;16,5;16;1,126940232;2;1;+;4;1;-;; +;-;-;-;0;+;+;;2;;;;;;;;;;;;;;;;;;;;;;;;;;;;;;;;;;;;;;;;;;;;1;;;1;Parasitter?;;0
35;2018;Vaggatem;1;RB;1185;9;7;1;2;2;62,6;165;16,5;16;1,298476454;2;2;+;5;1;6;;       +;           -;           -;0;0;        +;         -;;0;;;;;;;;;;;;;;;;;;;;;;;;;;;;;;;;;;;;;;;;;;;;;;;;;;0
240;2018;Vaggatem;1;TB;34;9;8;1;2;2;64,2;166;16,6;16;1,275974243;2;2;+;5;1;-;;+;-;-;-;0;-;-;;0;;;;;;;;;;;;;;;;;;;;;;;;;;;;;;;;;;;;;;;;;;;;;;;;;;0
439;2019;Vaggatem;1;RB;1047;9;8;1;2;2;62;166;16,6;16;1,221160354;2;1;+;5;1;-;;       +;           -;           -;           -;0;        +;        +;;0;;;;;;;;;;;;;;;;;;;;;;;;;;;;;;;;;;;;;;;;;;;;;;;;;;0
27;2018;Vaggatem;1;RB;1177;9;7;1;2;2;65,8;166;16,6;16;1,292349074;2;1;       +;;;;;;          -;       -;          -;2;       +;1;;0;;;;;;;;;;;;;;;;;;;;;;;;;;;;;;;;;;;;;;;;;;;;;;;;;;
659;2019;Vaggatem;1;TB;1060;9;7;1;2;2;57,2;167;16,7;16;1,363537795;2;2;       +;;;;;;          -;       -;          -;0;       +;1;;40;;;;;;;;;;;5;;;;15;;;;;;;20;;;;;;;;;;;;;;;;;;;;;;;;;;;;
861;2020;Vaggatem;1;RB;1030;9;7;1;2;2;61,8;167;16,7;16;1,20841865;2;1;       +;;;;;;          -;       -;          -;0;       +;1;;0;;;;;;;;;;;;;;;;;;;;;;;;;;;;;;;;;;;;;;;;;;;;;;;;;;
453;2019;Vaggatem;1;RB;1061;9;8;1;2;2;59,6;167;16,7;16;1,396394884;2;2;+;5;1;-;;        +;-;-;-;0;-;-;;70;;20;;;;;;;;;40;;;;10;;;;;;;;;;;;;;;;;;;;;;;;;;;;;;;;;;;0
405;2019;Vaggatem;1;RB;1013;9;8;1;2;2;57,4;167;16,7;16;1,206400985;2;2;+;5;1;-;; +;-;-;-;0;+;+;;0;;;;;;;;;;;;;;;;;;;;;;;;;;;;;;;;;;;;;;;;;;;;;;;;;;0
664;2019;Vaggatem;1;TB;1065;9;7;2;2;2;57,6;168;16,8;16;1,322299769;1;1;+;5;1;-;;        +;-;-;-;0;-;-;;80;;;;;;;;;;;;;;;80;;;;;;;;;;;;;;;;;;;;;;;;;;;;;;;;;;;0
1153;2020;Vaggatem;1;TB;1043;9;8;1;2;2;57,4;168;16,8;16;1,20416766;1;1;       +;;;;;;          -;       -;          -;0;       +;1;;0;;;;;;;;;;;;;;;;;;;;;;;;;;;;;;;;;;;;;;;;;;;;;;;;;;
1362;2020;Vaggatem;1;TB;1084;9;9;2;2;2;59,5;168;16,8;16;1,209051768;1;1;+;5;1;-;;       +;           -;           -;           -;1;        +;         -;;0;;;;;;;;;;;;;;;;;;;;;;;;;;;;;;;;;;;;;;;;;;;;;;;;;;0
865;2020;Vaggatem;1;RB;1034;9;7;1;2;2;61,8;168;16,8;16;1,413048156;2;2;+;6;1;-;;       +;           -;           -;0;0;        +;         -;;0;;;;;;;;;;;;;;;;;;;;;;;;;;;;;;;;;;;;;;;;;;;;;;;;;;0
665;2019;Vaggatem;1;TB;1066;9;7;2;2;2;56,8;169;16,9;16;1,328464288;2;2;+;5;1;-;vanskelig;+;-;-;-;1;-;-;;0;;;;;;;;;;;;;;;;;;;;;;;;;;;;;;;;;;;;;;;;;;;;;;;;;;0
902;2020;Vaggatem;1;RB;1071;9;7;2;2;2;65,7;169;16,9;16;1,358317418;2;2;+;5;1;-;;+;-;-;-;1;-;-;;20;;;;;;;;;;;1;;;;19;;;;;;;;;;;;;;;;;;;;;;;;;;;;;;;;;;;0
416;2019;Vaggatem;1;RB;1024;9;8;1;2;2;69,4;169;16,9;16;1,333007813;2;2;+;7;1;6;;         +;           -;           -;           -;2;              +;                 -;;0;;;;;;;;;;;;;;;;;;;;;;;;;;;;;;;;;;;;;;;;;;;;;;;;;;0
33;2018;Vaggatem;1;RB;1183;9;7;1;2;2;64;170;17;17;1,2890625;1;1;+;6;1;7;;+;-;-;-;1;+;-;;0;;;;;;;;;;;;;;;;;;;;;;;;;;;;;;;;;;;;;;;;;;;;;;;;;;0
613;2019;Vaggatem;1;TB;1014;9;7;1;2;2;59,8;170;17;17;1,15234375;2;1;+;6;1;-;;+;-;-;-;0;-;-;;0;;;;;;;;;;;;;;;;;;;;;;;;;;;;;;;;;;;;;;;;;;;;;;;;;;0
663;2019;Vaggatem;1;TB;1064;9;7;2;2;2;62,2;170;17;17;1,274414063;1;2;+;5;1;-;;        +;-;-;-;0;+;+;;40;;;;;;;;;;;29;;;;10;;;;;;;;;1;;;;;;;;;;;;;;;;;;;;;;;;;;0
1158;2020;Vaggatem;1;TB;1048;9;8;2;2;2;56,1;170;17;17;1,19140625;1;1;+;6;1;7;;         +;           -;           -;           -;0;              +;                 +;;40;;;;;4;;1;;;;25;;;;10;;;;;;;;;;;;;;;;;;;;;;;;;;;;;;;;;;;0
1353;2020;Vaggatem;1;TB;1075;9;9;2;2;2;63,3;170;17;17;1,372070313;2;2;+;5;1;-;;        +;-;-;-;0;-;-;;50;;;;;;;;;;;45;;;;;;;;;;;;;;;;;5;;;;;;;;;;;;;;;;;;;;;;0
245;2018;Vaggatem;1;TB;39;9;8;1;2;2;63,4;170;17;17;1,245117188;1;1;       +;;;;;;          -;       -;          -;1;       +;1;;60;;;;;;;;;;;60;;;;;;;;;;;;;;;;;;;;;;;;;;;;;;;;;;;;;;;
412;2019;Vaggatem;1;RB;1020;9;8;1;2;2;63,8;170;17;17;1,240234375;1;1;+;6;1;5;;         +;           -;           -;           -;1;              +;                 +;;70;;;;;3;;;;;;30;35;;;;;;;;;;1;;1;;;;;;;;;;;;;;;;;;;;;;;;;;0
41;2018;Vaggatem;1;RB;1191;9;7;1;2;2;59,2;170;17;17;1,313115508;2;2;       +;;;;;;          -;       -;          -;3;       +;1;;0;;;;;;;;;;;;;;;;;;;;;;;;;;;;;;;;;;;;;;;;;;;;;;;;;;
417;2019;Vaggatem;1;RB;1025;9;8;1;2;2;60;170;17;17;1,11018909;1;1;+;5;1;-;;+;-;-;-;1;-;-;;0;;;;;;;;;;;;;;;;;;;;;;;;;;;;;;;;;;;;;;;;;;;;;;;;;;0
415;2019;Vaggatem;1;RB;1023;9;8;1;2;2;64;171;17,1;17;1,37832798;2;2;+;5;1;-;;        +;-;-;-;0;+;+;;40;;;;;;;;;;;35;;;;5;;;;;;;;;;;;;;;;;;;;;;;;;;;;;;;;;;;0
629;2019;Vaggatem;1;TB;1030;9;7;1;2;2;61,6;171;17,1;17;1,463003419;2;2;+;6;1;-;;        +;-;-;-;0;+;+;;100;;33;;;;;;;;;45;;;;10;;;;;;;;;10;2;;;;;;;;;;;;;;;;;;;;;;;;;0
675;2019;Vaggatem;1;TB;1076;9;7;2;2;2;59,6;171;17,1;17;1,28384318;2;2;+;5;1;-;;       +;           -;           -;           -;1;        +;         -;;0;;;;;;;;;;;;;;;;;;;;;;;;;;;;;;;;;;;;;;;;;;;;;;;;;;0
1357;2020;Vaggatem;1;TB;1079;9;9;2;2;2;64,2;171;17,1;17;1,237661771;1;1;+;6;1;-;;       +;           -;           -;0;0;        +;         -;;0;;;;;;;;;;;;;;;;;;;;;;;;;;;;;;;;;;;;;;;;;;;;;;;;;;0
1359;2020;Vaggatem;1;TB;1081;9;9;2;2;2;64,3;171;17,1;17;1,353115294;2;2;+;6;1;-;;+;-;-;-;0;+;-;;0;;;;;;;;;;;;;;;;;;;;;;;;;;;;;;;;;;;;;;;;;;;;;;;;;;0
24;2018;Vaggatem;1;RB;1174;9;7;1;2;2;65,6;171;17,1;17;1,265370616;2;2;+;4;1;-;;         +;           -;           -;           -;0;              +;                 -;;5;;;;;;;;;;;;;;;;;;;;;;5;;;;;;;;;;;;;;;;;;;;;;;;;;;;0
419;2019;Vaggatem;1;RB;1027;9;8;1;2;2;65,2;171;17,1;17;1,287706214;2;2;+;6;1;-;;       +;           -;           -;0;0;        +;         -;;0;;;;;;;;;;;;;;;;;;;;;;;;;;;;;;;;;;;;;;;;;;;;;;;;;;0
242;2018;Vaggatem;1;TB;36;9;8;1;2;2;61,6;171;17,1;17;1,305842922;2;1;+;6;1;-;;       +;           -;           -;0;0;        +;         -;;0;;;;;;;;;;;;;;;;;;;;;;;;;;;;;;;;;;;;;;;;;;;;;;;;;;0
440;2019;Vaggatem;1;RB;1048;9;8;1;2;2;66,6;171;17,1;17;1,303575833;2;2;+;6;1;-;;+;-;-;-;0;+;-;;0;;;;;;;;;;;;;;;;;;;;;;;;;;;;;;;;;;;;;;;;;;;;;;;;;;0
40;2018;Vaggatem;1;RB;1190;9;7;1;2;2;67,8;171;17,1;17;1,278637861;2;2;       +;;;;;;          -;       -;          -;0;       +;1;;0;;;;;;;;;;;;;;;;;;;;;;;;;;;;;;;;;;;;;;;;;;;;;;;;;;
444;2019;Vaggatem;1;RB;1052;9;8;1;2;2;59,6;171;17,1;17;1,342116336;1;1;+;4;1;-;;        +;-;-;-;0;-;-;;60;;13;;;;;;;;;40;;;;1;;;;;;;;;6;;;;;;;;;;;;;;;;;;;;;;;;;;0
13;2018;Vaggatem;1;RB;1163;9;7;1;2;2;65,2;171;17,1;17;1,283172038;1;1;+;5;1;-;;        +;-;-;-;0;-;-;;60;;;;;;;;;;;60;;;;;;;;;;;;;;;;;;;;;;;;;;;;;;;;;;;;;;;0
848;2020;Vaggatem;1;RB;1017;9;7;1;2;2;69,1;171;17,1;17;1,269569507;2;2;       +;;;;;;          -;          -;          -;0;        +;1;;80;5;13;;;;;;;;;25;;;;35;;;;;;;2;;;;;;;;;;;;;;;;;;;;;;;;;;;;
667;2019;Vaggatem;1;TB;1068;9;7;2;2;2;65,4;172;17,2;17;1,393549823;2;2;+;5;1;-;;        +;-;-;-;0;-;-;;0;;;;;;;;;;;;;;;;;;;;;;;;;;;;;;;;;;;;;;;;;;;;;;;;;;0
1356;2020;Vaggatem;1;TB;1078;9;9;2;2;2;63,3;172;17,2;17;1,37574088;2;2;+;5;1;6;;         +;           -;           -;           -;1;              +;                 -;;0;;;;;;;;;;;;;;;;;;;;;;;;;;;;;;;;;;;;;;;;;;;;;;;;;;0
243;2018;Vaggatem;1;TB;37;9;8;1;2;2;57,6;172;17,2;17;1,166485795;1;1;       +;;;;;;          -;       -;          -;0;       +;1;;0;;;;;;;;;;;;;;;;;;;;;;;;;;;;;;;;;;;;;;;;;;;;;;;;;;
446;2019;Vaggatem;1;RB;1054;9;8;1;2;2;68,6;172;17,2;17;1,393549823;1;1;+;4;1;-;;        +;-;-;-;1;-;-;;60;;10;;;;;;;;;42;;;;5;;;;;;;;;2;;;;;;;;;;;;;;;;;;;;1;;;;Planterest;;0
411;2019;Vaggatem;1;RB;1019;9;8;1;2;2;66,2;172;17,2;17;1,403494658;2;2;+;6;1;-;; +;-;-;-;0;+;+;;0;;;;;;;;;;;;;;;;;;;;;;;;;;;;;;;;;;;;;;;;;;;;;;;;;;0
862;2020;Vaggatem;1;RB;1031;9;7;1;2;2;63,3;172;17,2;17;1,355399825;2;2;+;6;1;7;;         +;           -;           -;           -;0;              +;                 -;;0;;;;;;;;;;;;;;;;;;;;;;;;;;;;;;;;;;;;;;;;;;;;;;;;;;0
616;2019;Vaggatem;1;TB;1017;9;7;1;2;2;64;173;17,3;17;1,31167725;1;1;       +;;;;;;        -;        -;        -;0;        +;1;;0;;;;;;;;;;;;;;;;;;;;;;;;;;;;;;;;;;;;;;;;;;;;;;;;;;
671;2019;Vaggatem;1;TB;1072;9;7;2;2;2;70,2;173;17,3;17;1,438472718;2;2;+;5;1;-;;        +;-;-;-;0;-;-;;60;;;;;;;;;;;54;;;;5;;;;;;;;;1;;;;;;;;;;;;;;;;;;;;;;;;;;0
656;2019;Vaggatem;1;TB;1057;9;7;1;2;2;62;173;17,3;17;1,228136434;2;2;+;6;1;-;;       +;           -;           -;           -;1;        +;         -;;0;;;;;;;;;;;;;;;;;;;;;;;;;;;;;;;;;;;;;;;;;;;;;;;;;;0
403;2019;Vaggatem;1;RB;1011;9;8;1;2;2;66,2;173;17,3;17;1,326902651;2;2;+;6;1;-;;+;-;-;-;0;+;-;;0;;;;;;;;;;;;;;;;;;;;;;;;;;;;;;;;;;;;;;;;;;;;;;;;;;0
654;2019;Vaggatem;1;TB;1055;9;7;1;2;2;62,6;174;17,4;17;1,279666634;1;1;-;-;;-;;         +;           -;           -;           -;0;              +;                 -;;40;;;;;;;;;;;;;;;;;;;;;;20;;;;;;;;;;20;;;;;;;;;;;;;;;;rest;;1
879;2020;Vaggatem;1;RB;1048;9;7;1;2;2;63,9;174;17,4;17;1,232430617;1;1;+;6;1;7;;         +;           -;           -;           -;0;              +;                 +;;90;;;;;20;;;;;;55;5;;;5;;;;;;;;;;;5;;;;;;;;;;;;;;;;;;;;;;;;0
1354;2020;Vaggatem;1;TB;1076;9;9;2;2;2;67,6;174;17,4;17;1,214771623;1;1;+;4;1;-;;       +;           -;           -;0;0;        +;         -;;0;;;;;;;;;;;;;;;;;;;;;;;;;;;;;;;;;;;;;;;;;;;;;;;;;;0
626;2019;Vaggatem;1;TB;1027;9;7;1;2;2;65,6;174;17,4;17;1,210553666;2;2;+;5;1;-;;+;-;-;-;0;-;-;;0;;;;;;;;;;;;;;;;;;;;;;;;;;;;;;;;;;;;;;;;;;;;;;;;;;0
441;2019;Vaggatem;1;RB;1049;9;8;1;2;2;69,2;174;17,4;17;1,254842215;2;2;+;6;1;-;;+;-;-;-;2;-;-;;5;;;;;;;;;;;;;;;;;;;;;;;;;5;;;;;;;;;;;;;;;;;;;;;;;;;0
241;2018;Vaggatem;1;TB;35;9;8;1;2;2;70,4;174;17,4;17;1,30334872;2;2;+;6;1;-;;+;-;-;-;0;+;-;;20;1;;;;;;;;;;19;;;;;;;;;;;;;;;;;;;;;;;;;;;;;;;;;;;;;;;0
409;2019;Vaggatem;1;RB;1017;9;8;1;2;2;70,6;174;17,4;17;1,176760879;2;2;+;4;1;5;;       +;           -;           -;0;0;        +;         -;;0;;;;;;;;;;;;;;;;;;;;;;;;;;;;;;;;;;;;;;;;;;;;;;;;;;0
1358;2020;Vaggatem;1;TB;1080;9;9;2;2;2;60,5;175;17,5;17;1,361147706;2;2;+;5;1;6;;+;-;-;-;0;-;-;;0;;;;;;;;;;;;;;;;;;;;;;;;;;;;;;;;;;;;;;;;;;;;;;;;;;0
853;2020;Vaggatem;1;RB;1022;9;7;1;2;2;71,6;175;17,5;17;1,437802905;2;2;+;6;1;-;;         +;           -;           -;           -;1;              +;                 +;;70;;;;;10;;;;;;60;;;;;;;;;;;;;;;;;;;;;;;;;;;;;;;;;;;;;;;0
856;2020;Vaggatem;1;RB;1025;9;7;1;2;2;67,2;175;17,5;17;1,302666395;2;1;+;6;1;-;;        +;-;-;-;0;-;-;;0;;;;;;;;;;;;;;;;;;;;;;;;;;;;;;;;;;;;;;;;;;;;;;;;;;0
851;2020;Vaggatem;1;RB;1020;9;7;1;2;2;66,7;175;17,5;17;1,217178913;2;2;+;6;1;-;;       +;           -;           -;           -;0;        +;        +;;0;;;;;;;;;;;;;;;;;;;;;;;;;;;;;;;;;;;;;;;;;;;;;;;;;;0
617;2019;Vaggatem;1;TB;1018;9;7;1;2;2;65,4;176;17,6;17;1,266028903;1;1;+;6;1;-;;       +;           -;           -;0;0;        +;         -;;0;;;;;;;;;;;;;;;;;;;;;;;;;;;;;;;;;;;;;;;;;;;;;;;;;;0
633;2019;Vaggatem;1;TB;1034;9;7;1;2;2;67,4;176;17,6;17;1,141868512;1;1;+;5;1;-;;+;-;-;-;0;+;-;;0;;;;;;;;;;;;;;;;;;;;;;;;;;;;;;;;;;;;;;;;;;;;;;;;;;0
844;2020;Vaggatem;1;RB;1013;9;7;1;2;2;70,5;176;17,6;17;1,288418482;2;2;+;5;1;-;;+;-;-;-;0;-;-;;0;;;;;;;;;;;;;;;;;;;;;;;;;;;;;;;;;;;;;;;;;;;;;;;;;;0
1372;2020;Vaggatem;1;TB;1094;9;9;2;2;2;71,9;176;17,6;17;1,290453898;1;1;+;5;1;-;; +;-;-;-;0;+;+;;3;;;;;;;;;;;;;;;3;;;;;;;;;;;;;;;;;;;;;;;;;;;;;;;;;Godt fordøyd. Mistenker asell;;0
445;2019;Vaggatem;1;RB;1053;9;8;1;2;2;73,6;176;17,6;17;1,298595563;1;2;+;5;1;-;;         +;           -;           -;           -;0;              +;                 +;;20;;;;;1;;;;;;18;;;;;;;;;;;;;;;;;;;;;;;;;;;;;;;;;;;1;;;;0
448;2019;Vaggatem;1;RB;1056;9;8;1;2;2;74;176;17,6;17;1,204966416;1;1;+;5;1;-;;        +;-;-;-;0;-;-;;50;;;;;;;;;;;30;;;;20;;;;;;;;;;;;;;;;;;;;;;;;;;;;;;;;;;;0
847;2020;Vaggatem;1;RB;1016;9;7;1;2;2;68,6;177;17,7;17;1,221249746;1;1;+;6;1;5;;         +;           -;           -;           -;0;              +;                 +;;60;;;;;1;;;;;;50;;;;9;;;;;;;;;;;;;;;;;;;;;;;;;;;;;;;;;;;0
1152;2020;Vaggatem;1;TB;1042;9;8;1;2;2;70,4;177;17,7;17;1,279945986;2;2;+;6;1;5;;         +;           -;           -;           -;0;              +;                 +;;0;;;;;;;;;;;;;;;;;;;;;;;;;;;;;;;;;;;;;;;;;;;;;;;;;;0
845;2020;Vaggatem;1;RB;1014;9;7;1;2;2;78,7;177;17,7;17;1,231948012;2;2;+;6;1;-;;       +;           -;           -;           -;2;        +;        +;;0;;;;;;;;;;;;;;;;;;;;;;;;;;;;;;;;;;;;;;;;;;;;;;;;;;0
438;2019;Vaggatem;1;RB;1046;9;8;1;2;2;74;178;17,8;17;1,1919497;1;1;+;6;1;-;;       +;           -;           -;0;1;        +;         -;;0;;;;;;;;;;;;;;;;;;;;;;;;;;;;;;;;;;;;;;;;;;;;;;;;;;0
850;2020;Vaggatem;1;RB;1019;9;7;1;2;2;73,1;178;17,8;17;1,189949784;2;2;+;8;1;-;;-;-;-;-;6;-;-;;0;;;;;;;;;;;;;;;;;;;;;;;;;;;;;;;;;;;;;;;;;;;;;;;;;;
854;2020;Vaggatem;1;RB;1023;9;7;1;2;2;66,9;178;17,8;17;1,283945817;2;2;+;5;1;-;;+;-;-;-;1;-;-;;0;;;;;;;;;;;;;;;;;;;;;;;;;;;;;;;;;;;;;;;;;;;;;;;;;;0
903;2020;Vaggatem;1;RB;1072;9;7;2;2;2;73,8;178;17,8;17;1,285945733;1;1;+;5;1;-;;+;-;-;-;0;-;-;;0;;;;;;;;;;;;;;;;;;;;;;;;;;;;;;;;;;;;;;;;;;;;;;;;;;0
418;2019;Vaggatem;1;RB;1026;9;8;1;2;2;79;178;17,8;17;1,311944636;2;2;+;5;1;-;;        +;-;-;-;0;+;+;;1;;;;;;;;;;;;;;;;;;;;;;;;1;;;;;;;;;;;;;;;;;;;;;;;;;;0
450;2019;Vaggatem;1;RB;1058;9;8;1;2;2;68,4;179;17,9;17;1,303944974;1;1;+;7;1;6;;         +;           -;           -;           -;1;              +;         -;;10;;;;;1;;;;;;9;;;;;;;;;;;;;;;;;;;;;;;;;;;;;;;;;;;;;;;0
615;2019;Vaggatem;1;TB;1016;9;7;1;2;2;68,4;179;17,9;17;1,231948012;1;1;+;6;1;-;; +;-;-;-;0;+;+;;40;;;;;;;;;;;;;;;;;;;;;;;;;;40;;;;;;;;;;;;;;;;;;;;;;;;0
870;2020;Vaggatem;1;RB;1039;9;7;1;2;2;72,4;179;17,9;17;1,331943792;2;2;+;6;1;-;;         +;           -;           -;           -;0;              +;                 -;;40;;;;;;;;;;;1;;;;;;;;;;;;;;;;;;;;;39;;;;;;;;;;;;;;;;;;1
668;2019;Vaggatem;1;TB;1069;9;7;2;2;2;67,4;180;18;18;1,355942779;1;1;+;5;1;-;;        +;-;-;-;0;-;-;;50;;;;;;;;;;;5;;;;45;;;;;;;;;;;;;;;;;;;;;;;;;;;;;;;;;;;0
1150;2020;Vaggatem;1;TB;1040;9;8;1;2;2;76,5;180;18;18;1,1919497;1;1;+;6;1;-;;         +;           -;           -;           -;0;              +;                 -;;50;;;;;5;;;;;;45;;;;;;;;;;;;;;;;;;;;;;;;;;;;;;;;;;;;;;;0
216;2018;Vaggatem;1;TB;10;9;8;1;2;2;75,4;180;18;18;1,303944974;1;1;+;5;1;-;;        +;-;-;-;0;+;+;;60;;;;;;;;;;;40;;;;10;5;;;;;;;;;5;;;;;;;;;;;;;;;;;;;;;;;;;0
466;2019;Vaggatem;1;RB;1074;9;8;2;2;2;72,8;180;18;18;1,381941682;1;2;+;5;1;-;;+;-;-;-;0;+;-;;70;1;1;;2;;;1;;;;35;;;;;;;;;;;;;;;;;;;;;30;;;;;;;;;;;;;;;;rest;;1
17;2018;Vaggatem;1;RB;1167;9;7;1;2;2;80,4;180;18;18;1,285264191;2;2;+;6;1;-;;       +;           -;           -;0;0;        +;         -;;0;;;;;;;;;;;;;;;;;;;;;;;;;;;;;;;;;;;;;;;;;;;;;;;;;;0
447;2019;Vaggatem;1;RB;1055;9;8;1;2;2;71;180;18;18;1,24399424;1;1;+;5;1;-;;+;-;-;-;0;-;-;;0;;;;;;;;;;;;;;;;;;;;;;;;;;;;;;;;;;;;;;;;;;;;;;;;;;0
852;2020;Vaggatem;1;RB;1021;9;7;1;2;2;70,9;181;18,1;18;1,273472776;1;1;       +;;;;;;          -;       -;          -;0;       +;1;;1;;;;;;;;;;;;;;;;;;;;;;1;;;;;;;;;;;;;;;;;;;;;;;;;;;;
858;2020;Vaggatem;1;RB;1027;9;7;1;2;2;81,1;181;18,1;18;1,131975801;1;1;+;7;1;-;; +;-;-;-;1;+;+;;10;;1;;;;;;;;;;;;;6;;;;;;;3;;;;;;;;;;;;;;;;;;;;;;;;;;;;0
880;2020;Vaggatem;1;RB;1049;9;7;1;2;2;78,7;181;18,1;18;1,316707963;2;2;       +;;;;;;          -;       -;          -;1;       +;1;;10;;;;;;;;;;;;;;;10;;;;;;;;;;;;;;;;;;;;;;;;;;;;;;;;;;;
631;2019;Vaggatem;1;TB;1032;9;7;1;2;2;78,2;182;18,2;18;1,348151735;2;2;+;5;1;-;;         +;           -;           -;           -;0;              +;                 -;;50;;;;;;;;;;;50;;;;;;;;;;;;;;;;;;;;;;;;;;;;;;;;;;;;;;;0
669;2019;Vaggatem;1;TB;1070;9;7;2;2;2;73,6;182;18,2;18;1,300986077;2;2;+;6;1;-;;         +;           -;           -;           -;1;              +;                 +;;80;;;;;30;;;;;;50;;;;;;;;;;;;;;;;;;;;;;;;;;;;;;;;;;;;;;;0
437;2019;Vaggatem;1;RB;1045;9;8;1;2;2;76,2;183;18,3;18;1,24399424;2;2;+;5;1;6;;+;-;-;-;1;+;-;;80;;;;;;;;;;;75;;;;5;;;;;;;;;;;;;;;;;;;;;;;;;;;;;;;;;;;0
1148;2020;Vaggatem;1;TB;1038;9;8;1;2;2;78,3;183;18,3;18;1,236066011;1;1;+;4;1;5;;       +;           -;           -;           -;0;        +;        +;;0;;;;;;;;;;;;;;;;;;;;;;;;;;;;;;;;;;;;;;;;;;;;;;;;;;0
442;2019;Vaggatem;1;RB;1050;9;8;1;2;2;70;183;18,3;18;1,355809906;1;2;+;5;1;-;;       +;           -;           -;0;0;        +;         -;;0;;;;;;;;;;;;;;;;;;;;;;;;;;;;;;;;;;;;;;;;;;;;;;;;;;0
215;2018;Vaggatem;1;TB;9;9;8;1;2;2;80,8;183;18,3;18;1,197438948;1;1;+;4;1;-;;       +;           -;           -;           -;2;        +;         -;;10;;;;;;;;;;;1;;;;;;;;;;;;;;;;;;;;;9;;;;;;;;;;;;;;;;fiskerest;;1
29;2018;Vaggatem;1;RB;1179;9;7;1;2;2;81,2;184;18,4;18;1,27855578;2;1;+;7;1;8;;         +;           -;           -;           -;7;              +;                 +;;70;;;;;20;;;;;;50;;;;;;;;;;;;;;;;;;;;;;;;;;;;;;;;;;;;;;;0
393;2019;Vaggatem;1;RB;1001;9;8;1;2;2;81,2;184;18,4;18;1,188301344;1;1;+;5;1;-;;       +;           -;           -;           -;0;        +;         -;;0;;;;;;;;;;;;;;;;;;;;;;;;;;;;;;;;;;;;;;;;;;;;;;;;;;0
859;2020;Vaggatem;1;RB;1028;9;7;1;2;2;77,8;184;18,4;18;1,212978529;1;1;+;6;1;5;;+;-;-;-;1;-;-;;0;;;;;;;;;;;;;;;;;;;;;;;;;;;;;;;;;;;;;;;;;;;;;;;;;;0
622;2019;Vaggatem;1;TB;1023;9;7;1;2;2;78,6;185;18,5;18;1,283213592;2;2;+;5;1;-;;+;-;-;-;0;-;-;;0;;;;;;;;;;;;;;;;;;;;;;;;;;;;;;;;;;;;;;;;;;;;;;;;;;0
860;2020;Vaggatem;1;RB;1029;9;7;1;2;2;76,8;185;18,5;18;1,36293988;2;2;       +;;;;;;          -;       -;          -;0;       +;1;;0;;;;;;;;;;;;;;;;;;;;;;;;;;;;;;;;;;;;;;;;;;;;;;;;;;
10;2018;Vaggatem;1;RB;1160;9;7;1;2;2;82,8;185;18,5;18;1,154132935;2;1;       +;;;;;;        -;        -;        -;0;        +;1;;0;;;;;;;;;;;;;;;;;;;;;;;;;;;;;;;;;;;;;;;;;;;;;;;;;;
630;2019;Vaggatem;1;TB;1031;9;7;1;2;2;76,4;186;18,6;18;1,245248693;1;1;+;5;1;-;;       +;           -;           -;           -;1;        +;         -;;5;;;;;;;;;;;3;;;;;;;;;;;;;;;;;;;;;;;;;;;;;;;;;;;;2;trolig insektsrest;;0
881;2020;Vaggatem;1;RB;1050;9;7;2;2;2;76,2;186;18,6;18;1,313585511;1;1;-;-;;-;;         +;           -;           -;           -;0;              +;                 -;;10;;;;;;;;;;;;;;;;;;;;;;;;;;;;;;;;10;;;;;;;;;;;;;;;;rest;;1
451;2019;Vaggatem;1;RB;1059;9;8;1;2;2;80;186;18,6;18;1,336364451;1;1;+;5;1;-;; +;-;-;-;0;+;+;;20;;;;;;;;;;;;;;;20;;;;;;;;;;;;;;;;;;;;;;;;;;;;;;;;;;;0
449;2019;Vaggatem;1;RB;1057;9;8;1;2;2;84,8;186;18,6;18;1,340160941;2;2;+;6;1;-;;         +;           -;           -;           -;0;              +;                 +;;70;;;;;1;;;;;;69;;;;;;;;;;;;;;;;;;;;;;;;;;;;;;;;;;;;;;;0
22;2018;Vaggatem;1;RB;1172;9;7;1;2;2;94;186;18,6;18;1,128862974;2;1;+;5;1;-;;+;-;-;-;0;-;-;;0;;;;;;;;;;;;;;;;;;;;;;;;;;;;;;;;;;;;;;;;;;;;;;;;;;0
666;2019;Vaggatem;1;TB;1067;9;7;2;2;2;84,8;186;18,6;18;1,335976676;2;2;+;6;1;5;;+;-;-;-;1;+;-;;20;;;;;;;;;;;20;;;;;;;;;;;;;;;;;;;;;;;;;;;;;;;;;;;;;;;0
651;2019;Vaggatem;1;TB;1052;9;7;1;2;2;88,4;187;18,7;18;1,253877551;2;2;+;5;1;6;;+;-;-;-;0;+;-;;50;;;;;;;1;;;;40;;;;9;;;;;;;;;;;;;;;;;;;;;;;;;;;;;;;;;;;0
670;2019;Vaggatem;1;TB;1071;9;7;2;2;2;84,6;187;18,7;18;1,244548105;1;1;+;7;1;-;;+;-;-;-;1;+;-;;70;1;;;3;;;1;;;;55;;;;10;;;;;;;;;;;;;;;;;;;;;;;;;;;;;;;;;;;0
842;2020;Vaggatem;1;RB;1011;9;7;1;2;2;82,2;187;18,7;18;1,199609082;2;2;+;6;1;-;;       +;           -;           -;           -;0;        +;        +;;0;;;;;;;;;;;;;;;;;;;;;;;;;;;;;;;;;;;;;;;;;;;;;;;;;;0
452;2019;Vaggatem;1;RB;1060;9;8;1;2;2;86;187;18,7;18;1,236294375;2;2;+;6;1;5;;       +;           -;           -;           -;2;        +;        +;;0;;;;;;;;;;;;;;;;;;;;;;;;;;;;;;;;;;;;;;;;;;;;;;;;;;0
857;2020;Vaggatem;1;RB;1026;9;7;1;2;2;79;187;18,7;18;1,293156579;2;2;+;6;1;-;;+;-;-;-;0;+;-;;0;;;;;;;;;;;;;;;;;;;;;;;;;;;;;;;;;;;;;;;;;;;;;;;;;;0
890;2020;Vaggatem;1;RB;1059;9;7;2;2;2;93,5;187;18,7;18;1,318836284;2;2;+;6;1;-;;+;-;-;-;2;-;-;;0;;;;;;;;;;;;;;;;;;;;;;;;;;;;;;;;;;;;;;;;;;;;;;;;;;0
650;2019;Vaggatem;1;TB;1051;9;7;1;2;2;76,4;189;18,9;18;1,467411721;2;2;       +;;;;;;          -;          -;          -;2;        -;0;;0;;;;;;;;;;;;;;;;;;;;;;;;;;;;;;;;;;;;;;;;;;;;;;;;;;
843;2020;Vaggatem;1;RB;1012;9;7;1;2;2;91,9;189;18,9;18;1,350018783;2;2;+;6;1;5;;         +;           -;           -;           -;0;              +;                 -;;40;;;;;;;;;;;40;;;;;;;;;;;;;;;;;;;;;;;;;;;;;;;;;;;;;;;0
625;2019;Vaggatem;1;TB;1026;9;7;1;2;2;74,4;190;19;19;1,357355841;1;1;+;6;1;5;;         +;           -;           -;           -;1;              +;                 -;;60;;;;;;;;;;;60;;;;;;;;;;;;;;;;;;;;;;;;;;;;;;;;;;;;;;;0
653;2019;Vaggatem;1;TB;1054;9;7;1;2;2;83,6;190;19;19;1,237098603;1;1;+;6;1;-;;+;-;-;-;0;+;-;;10;;1;;1;;;;;;;7;;;;;;;;;;;;;1;;;;;;;;;;;;;;;;;;;;;;;;;;0
849;2020;Vaggatem;1;RB;1018;9;7;1;2;2;92,7;190;19;19;1,269558917;1;1;+;5;1;-;;+;-;-;-;0;-;-;;10;;;;;;;;;;;;;;;;;;;;;;;;10;;;;;;;;;;;;;;;;;;;;;;;;;;0
1352;2020;Vaggatem;1;TB;1074;9;9;2;2;2;89,7;190;19;19;1,419237028;1;1;+;6;1;-;;+;-;-;-;0;+;-;;60;;;;;;;;;;;15;;;;45;;;;;;;;;;;;;;;;;;;;;;;;;;;;;;;;;;;0
23;2018;Vaggatem;1;RB;1173;9;7;1;2;2;91,6;190;19;19;1,312114433;2;2;+;4;1;-;;         +;           -;           -;           -;1;              +;                 -;;0;;;;;;;;;;;;;;;;;;;;;;;;;;;;;;;;;;;;;;;;;;;;;;;;;;0
621;2019;Vaggatem;1;TB;1022;9;7;1;2;2;88,4;191;19,1;19;1,296156285;2;2;+;7;1;-;;+;-;-;-;0;+;-;;0;;;;;;;;;;;;;;;;;;;;;;;;;;;;;;;;;;;;;;;;;;;;;;;;;;0
627;2019;Vaggatem;1;TB;1028;9;7;1;2;2;90,6;192;19,2;19;1,186222373;2;2;+;7;1;-;;+;-;-;-;0;+;-;;0;;;;;;;;;;;;;;;;;;;;;;;;;;;;;;;;;;;;;;;;;;;;;;;;;;0
672;2019;Vaggatem;1;TB;1073;9;7;2;2;2;101;193;19,3;19;1,269559371;1;1;       +;;;;;;          -;       -;          -;0;       +;1;;0;;;;;;;;;;;;;;;;;;;;;;;;;;;;;;;;;;;;;;;;;;;;;;;;;;
434;2019;Vaggatem;1;RB;1042;9;8;1;2;2;90,6;193;19,3;19;1,308568178;2;2;+;6;1;-;;+;-;-;-;0;-;-;;1;;;;;;;;;;;;;;;;;;;;;;;;;;;;;;;;;;;;;;;;;;;;;1;;;rest;;0
26;2018;Vaggatem;1;RB;1176;9;7;1;2;2;94,2;194;19,4;19;1,25537435;2;2;       +;;;;;;          -;       -;          -;0;       +;1;;10;;;;;1;;;;;;;;;;9;;;;;;;;;;;;;;;;;;;;;;;;;;;;;;;;;;;
220;2018;Vaggatem;1;TB;14;9;8;1;2;2;96,8;194;19,4;19;1,400770814;2;2;+;6;1;-;;         +;           -;           -;           -;2;              +;                 +;;50;;;;;2;;;;;;45;1;;;;;;;;;;;;2;;;;;;;;;;;;;;;;;;;;;;;;;;0
662;2019;Vaggatem;1;TB;1063;9;7;2;2;2;83,6;194;19,4;19;1,192606052;2;2;+;5;1;-;;         +;           -;           -;           -;0;              +;                 -;;0;;;;;;;;;;;;;;;;;;;;;;;;;;;;;;;;;;;;;;;;;;;;;;;;;;0
435;2019;Vaggatem;1;RB;1043;9;8;1;2;2;83,2;194;19,4;19;1,192606052;1;1;+;6;1;-;;       +;           -;           -;           -;1;        +;        +;;0;;;;;;;;;;;;;;;;;;;;;;;;;;;;;;;;;;;;;;;;;;;;;;;;;;0
878;2020;Vaggatem;1;RB;1047;9;7;1;2;2;101;194;19,4;19;1,262349096;2;2;+;7;1;-;;+;-;-;-;0;+;-;;0;;;;;;;;;;;;;;;;;;;;;;;;;;;;;;;;;;;;;;;;;;;;;;;;;;0
1149;2020;Vaggatem;1;TB;1039;9;8;1;2;2;92;194;19,4;19;1,15569273;1;1;+;6;1;-;;       +;           -;           -;0;1;        +;         -;;0;;;;;;;;;;;;;;;;;;;;;;;;;;;;;;;;;;;;;;;;;;;;;;;;;;0
430;2019;Vaggatem;1;RB;1038;9;8;1;2;2;96;195;19,5;19;1,207133059;1;1;+;5;1;-;;-;-;-;-;0;+;-;;0;;;;;;;;;;;;;;;;;;;;;;;;;;;;;;;;;;;;;;;;;;;;;;;;;;
652;2019;Vaggatem;1;TB;1053;9;7;1;2;2;97,2;195;19,5;19;1,311728395;2;2;+;8;1;-;;+;-;-;-;1;+;-;;0;;;;;;;;;;;;;;;;;;;;;;;;;;;;;;;;;;;;;;;;;;;;;;;;;;0
43;2018;Vaggatem;1;RB;1193;9;7;1;2;2;90;195;19,5;19;1,292866941;1;1;+;4;1;-;; +;-;-;-;0;+;+;;5;;;;;;;;;;;;;;;;;;;;;;;;;;;;;;;;;;;;;;;;;;;;;5;;;;;0
610;2019;Vaggatem;1;TB;1011;9;7;1;2;2;97,6;195;19,5;19;1,248285322;1;1;+;5;1;-;;         +;           -;           -;           -;0;              +;                 -;;10;;;;;;;;;;;;;;;;;;;;;;10;;;;;;;;;;;;;;;;;;;;;;;;;;;;0
1363;2020;Vaggatem;1;TB;1085;9;9;2;2;2;88,4;195;19,5;19;1,378600823;2;2;+;6;1;-;;        +;-;-;-;0;+;+;;50;;10;;;;;;;;;34;;;;3;;;;;;;2;;1;;;;;;;;;;;;;;;;;;;;;;;;;;0
465;2019;Vaggatem;1;RB;1073;9;8;2;2;2;97,6;196;19,6;19;1,361454047;2;2;       +;;;;;;          -;       -;          -;2;       +;1;;50;;;;;;;;;;;50;;;;;;;;;;;;;;;;;;;;;;;;;;;;;;;;;;;;;;;
889;2020;Vaggatem;1;RB;1058;9;7;2;2;2;83;196;19,6;19;1,217421125;1;1;+;6;1;-;;         +;           -;           -;           -;1;              +;                 -;;90;;;;;;;;;;;90;;;;;;;;;;;;;;;;;;;;;;;;;;;;;;;;;;;;;;;0
1156;2020;Vaggatem;1;TB;1046;9;8;2;2;2;110;196;19,6;19;1,195667737;1;1;+;6;1;8;;+;-;-;-;1;+;-;;0;;;;;;;;;;;;;;;;;;;;;;;;;;;;;;;;;;;;;;;;;;;;;;;;;;0
877;2020;Vaggatem;1;RB;1046;9;7;1;2;2;109;197;19,7;19;1,367681995;2;2;+;6;1;5;;+;-;-;-;1;+;-;;0;;;;;;;;;;;;;;;;;;;;;;;;;;;;;;;;;;;;;;;;;;;;;;;;;;0
469;2019;Vaggatem;1;RB;1077;9;8;2;2;2;99,2;197;19,7;19;1,327208052;1;1;+;6;1;-;;+;-;-;-;0;-;-;;1;;;;;;;;;;;1;;;;;;;;;;;;;;;;;;;;;;;;;;;;;;;;;;;;;;;0
221;2018;Vaggatem;1;TB;15;9;8;1;2;2;105;198;19,8;19;1,297157136;2;2;+;5;1;-;;       +;           -;           -;           -;0;        +;        +;;0;;;;;;;;;;;;;;;;;;;;;;;;;;;;;;;;;;;;;;;;;;;;;;;;;;0
900;2020;Vaggatem;1;RB;1069;9;7;2;2;2;94,9;198;19,8;19;1,220853775;1;1;+;6;1;5;;       +;           -;           -;0;0;        +;         -;;0;;;;;;;;;;;;;;;;;;;;;;;;;;;;;;;;;;;;;;;;;;;;;;;;;;0
7;2018;Vaggatem;1;RB;1157;9;7;1;2;2;103;198;19,8;19;1,303792211;1;1;       +;;;;;;          -;       -;          -;0;       +;1;;60;;;1;;;;;;;;50;;;;7;;;;;;;;;2;;;;;;;;;;;;;;;;;;;;;;;;;;
609;2019;Vaggatem;1;TB;1010;9;7;1;2;2;97,8;198;19,8;19;1,243373772;2;2;+;6;1;-;;         +;           -;           -;           -;0;              +;                 -;;0;;;;;;;;;;;;;;;;;;;;;;;;;;;;;;;;;;;;;;;;;;;;;;;;;;0
247;2018;Vaggatem;1;TB;41;9;8;2;2;2;106;198;19,8;19;1,277639979;2;2;+;6;1;-;;+;-;-;-;7;+;-;;0;;;;;;;;;;;;;;;;;;;;;;;;;;;;;;;;;;;;;;;;;;;;;;;;;;0
250;2018;Vaggatem;1;TB;44;9;8;2;2;2;101;199;19,9;19;1,395124115;1;2;       +;;;;;;          -;       -;          -;1;       +;1;;0;;;;;;;;;;;;;;;;;;;;;;;;;;;;;;;;;;;;;;;;;;;;;;;;;;
628;2019;Vaggatem;1;TB;1029;9;7;1;2;2;99,4;199;19,9;19;1,142206877;2;2;+;6;1;7;;         +;           -;           -;           -;1;              +;                 -;;10;;;;;;;;;;;1;;;;;;;;;;;;;;;;;;;;;9;;;;;;;;;;;;;;;;rest;;1
228;2018;Vaggatem;1;TB;22;9;8;1;2;2;100;199;19,9;19;1,318433081;1;1;+;4;1;-;; +;-;-;-;0;+;+;;100;;;;;;;;;;;;;;;89;;;;;;;;;1;;;;;;;;10;;;;;;;;;;;;;;;;1 godt fordøyd fisk;;1
655;2019;Vaggatem;1;TB;1056;9;7;1;2;2;109;199;19,9;19;1,303474562;2;1;+;6;1;-;;        +;-;-;-;0;-;-;;0;;;;;;;;;;;;;;;;;;;;;;;;;;;;;;;;;;;;;;;;;;;;;;;;;;0
1147;2020;Vaggatem;1;TB;1037;9;8;1;2;2;101;199;19,9;19;1,321132469;2;2;+;5;1;6;vanskelig;-;-;-;-;0;+;-;;0;;;;;;;;;;;;;;;;;;;;;;;;;;;;;;;;;;;;;;;;;;;;;;;;;;
846;2020;Vaggatem;1;RB;1015;9;7;1;2;2;107;199;19,9;19;1,303474562;2;2;+;7;1;6;;         +;           -;           -;           -;0;              +;                 +;RUSKEBUKTA;30;;;;;1;;;;;;9;;;;20;;;;;;;;;;;;;;;;;;;;;;;;;;;;;;;;;;;0
1154;2020;Vaggatem;1;TB;1044;9;8;2;2;2;105;200;20;20;1,248895578;2;2;+;8;1;7;;+;-;-;-;0;+;-;;60;;;;;;;;;;;60;;;;;;;;;;;;;;;;;;;;;;;;;;;;;;;;;;;;;;;0
1360;2020;Vaggatem;1;TB;1082;9;9;2;2;2;90,3;200;20;20;1,24138748;1;1;+;5;1;-;;       +;           -;           -;           -;0;        +;        +;;0;;;;;;;;;;;;;;;;;;;;;;;;;;;;;;;;;;;;;;;;;;;;;;;;;;0
876;2020;Vaggatem;1;RB;1045;9;7;1;2;2;107;200;20;20;1,212958759;1;2;+;6;1;-;;+;-;-;-;0;+;-;;50;;;;;;;;;;;50;;;;;;;;;;;;;;;;;;;;;;;;;;;;;;;;;;;;;;;0
407;2019;Vaggatem;1;RB;1015;9;8;1;2;2;114;200;20;20;1,307721162;1;1;+;6;1;-;;        +;-;-;-;0;+;+;;60;;;;;;;;;;;5;;;;8;;;;;;;;;;;;;;;;;;40;;;;;;;;;;;7;;;;Planterest og stingsild.;;1
227;2018;Vaggatem;1;TB;21;9;8;1;2;2;106;201;20,1;20;1,187283756;1;1;+;5;1;-;;       +;           -;           -;           -;2;        +;         -;;0;;;;;;;;;;;;;;;;;;;;;;;;;;;;;;;;;;;;;;;;;;;;;;;;;;0
404;2019;Vaggatem;1;RB;1012;9;8;1;2;2;101;201;20,1;20;1,184175683;1;1;+;6;1;-;;+;-;-;-;0;-;-;;0;;;;;;;;;;;;;;;;;;;;;;;;;;;;;;;;;;;;;;;;;;;;;;;;;;0
1145;2020;Vaggatem;1;TB;1035;9;8;1;2;2;113;202;20,2;20;1,243229064;2;2;+;9;1;8;;         +;           -;           -;           -;1;              +;                 -;;20;;;;;;;;;;;1;;;;19;;;;;;;;;;;;;;;;;;;;;;;;;;;;;;;;;;;0
244;2018;Vaggatem;1;TB;38;9;8;1;2;2;101;202;20,2;20;1,317822808;1;1;+;6;1;-;;         +;           -;           -;           -;3;              +;                 -;;30;;;;;;;;;;;30;;;;;;;;;;;;;;;;;;;;;;;;;;;;;;;;;;;;;;;0
432;2019;Vaggatem;1;RB;1040;9;8;1;2;2;106;203;20,3;20;1,46079415;2;2;+;8;1;-;;        +;-;-;-;0;+;+;;50;;15;;;;;;;;;24;;;;;;;;;;;;;1;10;;;;;;;;;;;;;;;;;;;;;;;;;0
433;2019;Vaggatem;1;RB;1041;9;8;1;2;2;109;203;20,3;20;1,420389205;2;2;       +;;;;;;          -;       -;          -;2;       +;1;;50;;;;;;;;;;;;;;;;;;;;;;;;;;;;;;;;50;;;;;;;;;;;;;;;;rest;;
1355;2020;Vaggatem;1;TB;1077;9;9;2;2;2;101;203;20,3;20;1,317822808;1;1;+;6;1;-;;       +;           -;           -;0;0;        +;         -;;100;;;;;;;;;;;1;;;;4;;;;;;;;;;;;;;;;;;;;;;95;;;;;;;;;;;abbor;;1
436;2019;Vaggatem;1;RB;1044;9;8;1;2;2;104;203;20,3;20;1,296066299;2;2;       +;;;;;;          -;       -;          -;1;       +;1;;100;;;;;;;;;;;;;;;;;;;;;;;;;;;;;;;;100;;;;;;;;;;;;;;;;;;
37;2018;Vaggatem;1;RB;1187;9;7;1;2;2;104;203;20,3;20;1,351846701;2;2;+;6;1;-;;       +;           -;           -;           -;0;        +;         -;;0;;;;;;;;;;;;;;;;;;;;;;;;;;;;;;;;;;;;;;;;;;;;;;;;;;0
1144;2020;Vaggatem;1;TB;1034;9;8;1;2;2;115;205;20,5;20;1,293735643;1;1;+;6;1;-;;       +;           -;           -;0;0;        +;         -;;0;;;;;;;;;;;;;;;;;;;;;;;;;;;;;;;;;;;;;;;;;;;;;;;;;;0
1160;2020;Vaggatem;1;TB;1050;9;8;2;2;2;111;205;20,5;20;1,446659478;2;2;       +;;;;;;          -;       -;          -;3;       +;1;;0;;;;;;;;;;;;;;;;;;;;;;;;;;;;;;;;;;;;;;;;;;;;;;;;;;
1351;2020;Vaggatem;1;TB;1073;9;9;2;2;2;117;205;20,5;20;1,257033923;1;1;+;6;1;7;;+;-;-;-;0;+;-;;20;1;;;;;;;;;;11;;;;5;;;;;;;3;;;;;;;;;;;;;;;;;;;;;;;;;;;;0
840;2020;Vaggatem;1;RB;1009;9;7;1;2;2;106;205;20,5;20;1,31514498;1;1;+;6;1;5;;         +;           -;           -;           -;0;              +;                 -;;40;;;;;;;;;;;1;;;;9;;;;;;;;;10;;;;;;;;20;;;;;;;;;;;;;;;;rest;;1
611;2019;Vaggatem;1;TB;1012;9;7;1;2;2;96,2;206;20,6;20;1,208098296;2;2;+;9;1;8;;+;-;-;-;1;+;-;;90;;;;;;;;;;;;;;;;;;;;;;;;;;;;;;;;;90;;;;;;;;;;;;;;;;;1
246;2018;Vaggatem;1;TB;40;9;8;1;2;2;108;206;20,6;20;1,429837856;2;2;+;9;1;8;;+;-;-;-;0;-;-;FG: 100% lagesild 103 mm;100;;;;;;;;;;;;;;;;;;;;;;;;;;;;;;;;;;;100;;;;;;;;;;;;;1 lagesild 103 mm;;1
414;2019;Vaggatem;1;RB;1022;9;8;1;2;2;110;206;20,6;20;1,348788224;1;1;       +;;;;;;          -;       -;          -;5;       +;1;;100;;;;;;;;;;;;;;;;;;;;;;;;;;;;;;;;100;;;;;;;;;;;;;;;;;;
410;2019;Vaggatem;1;RB;1018;9;8;1;2;2;105;206;20,6;20;1,203972145;1;1;+;5;1;-;;-;-;-;-;0;+;-;;10;;;;;;;;;;;;;;;10;;;;;;;;;;;;;;;;;;;;;;;;;;;;;;;;;;;
431;2019;Vaggatem;1;RB;1039;9;8;1;2;2;120;208;20,8;20;1,131639104;1;1;+;5;1;-;;       +;           -;           -;           -;2;        +;         -;;0;;;;;;;;;;;;;;;;;;;;;;;;;;;;;;;;;;;;;;;;;;;;;;;;;;0
901;2020;Vaggatem;1;RB;1070;9;7;2;2;2;110;208;20,8;20;1,361225571;1;2;+;6;1;-;;+;-;-;-;1;+;-;;0;;;;;;;;;;;;;;;;;;;;;;;;;;;;;;;;;;;;;;;;;;;;;;;;;;0
248;2018;Vaggatem;1;TB;42;9;8;2;2;2;107;208;20,8;20;1,288646623;1;1;       +;;;;;;          -;       -;          -;0;       +;1;;1;;;;;;;;;;;;;;;;;;;;;1;;;;;;;;;;;;;;;;;;;;;;;;;;;nematode;;
841;2020;Vaggatem;1;RB;1010;9;7;1;2;2;126;209;20,9;20;1,312345872;2;2;       +;;;;;;          -;       -;          -;0;       +;1;;80;;;;;;;;;;;;;;;;;;;;;;;;;;;;;;;;80;;;;;;;;;;;;;;;;uid, ikke 9PG;;
39;2018;Vaggatem;1;RB;1189;9;7;1;2;2;113;209;20,9;20;1,084706225;1;1;+;5;1;-;;       +;           -;           -;           -;3;        +;        +;;0;;;;;;;;;;;;;;;;;;;;;;;;;;;;;;;;;;;;;;;;;;;;;;;;;;0
657;2019;Vaggatem;1;TB;1058;9;7;1;2;2;113;210;21;21;1,218836565;1;1;+;6;1;-;;       +;           -;           -;           -;0;        +;         -;;0;;;;;;;;;;;;;;;;;;;;;;;;;;;;;;;;;;;;;;;;;;;;;;;;;;0
406;2019;Vaggatem;1;RB;1014;9;8;1;2;2;124;211;21,1;21;1,351508966;1;1;+;7;1;6;;+;-;-;-;0;+;-;;0;;;;;;;;;;;;;;;;;;;;;;;;;;;;;;;;;;;;;;;;;;;;;;;;;;0
443;2019;Vaggatem;1;RB;1051;9;8;1;2;2;116;211;21,1;21;1,153229334;1;1;+;5;1;-;;-;-;-;-;0;+;-;;0;;;;;;;;;;;;;;;;;;;;;;;;;;;;;;;;;;;;;;;;;;;;;;;;;;
429;2019;Vaggatem;1;RB;1037;9;8;1;2;2;125;211;21,1;21;1,229042134;1;1;+;5;1;6;;-;-;-;-;1;+;-;;0;;;;;;;;;;;;;;;;;;;;;;;;;;;;;;;;;;;;;;;;;;;;;;;;;;
427;2019;Vaggatem;1;RB;1035;9;8;1;2;2;130;212;21,2;21;1,307770812;2;2;+;7;1;-;;+;-;-;-;0;-;-;;0;;;;;;;;;;;;;;;;;;;;;;;;;;;;;;;;;;;;;;;;;;;;;;;;;;0
1146;2020;Vaggatem;1;TB;1036;9;8;1;2;2;126;212;21,2;21;1,335471643;2;2;+;7;1;8;;        +;-;-;-;0;+;+;;60;;;;;;;;;;;32;;;;5;;;;;;;;;2;;;1;;;;;20;;;;;;;;;;;;;;;;;;1
38;2018;Vaggatem;1;RB;1188;9;7;1;2;2;128;212;21,2;21;1,221752442;1;1;       +;;;;;;          -;       -;          -;0;       +;1;;70;;;;;;;;;;;;;;;70;;;;;;;;;;;;;;;;;;;;;;;;;;;;;;;;;;;
648;2019;Vaggatem;1;TB;1049;9;7;1;2;2;129;213;21,3;21;1,268680204;1;1;+;5;1;-;;       +;           -;           -;           -;2;        +;        +;;0;;;;;;;;;;;;;;;;;;;;;;;;;;;;;;;;;;;;;;;;;;;;;;;;;;0
623;2019;Vaggatem;1;TB;1024;9;7;1;2;2;128;214;21,4;21;1,285902107;2;2;       +;;;;;;          -;          -;          -;1;        +;1;;40;;;;;;;;;;;5;;;;35;;;;;;;;;;;;;;;;;;;;;;;;;;;;;;;;;;;
839;2020;Vaggatem;1;RB;1008;9;7;1;2;2;125;214;21,4;21;1,245717666;1;1;       +;;;;;;          -;       -;          -;0;       +;1;;60;;;;;;;;;;;;;;;60;;;;;;;;;;;;;;;;;;;;;;;;;;;;;;;;;;;
888;2020;Vaggatem;1;RB;1057;9;7;2;2;2;110;214;21,4;21;1,28004286;1;1;+;5;1;-;;       +;           -;           -;           -;5;        +;         -;;0;;;;;;;;;;;;;;;;;;;;;;;;;;;;;;;;;;;;;;;;;;;;;;;;;;0
213;2018;Vaggatem;1;TB;7;9;8;1;2;2;125;214;21,4;21;1,359162507;2;2;       +;;;;;;          -;       -;          -;3;       +;1;;0;;;;;;;;;;;;;;;;;;;;;;;;;;;;;;;;;;;;;;;;;;;;;;;;;;
875;2020;Vaggatem;1;RB;1044;9;7;1;2;2;133;215;21,5;21;1,40491305;2;2;+;8;1;9;;       +;           -;           -;0;0;        +;         -;;0;;;;;;;;;;;;;;;;;;;;;;;;;;;;;;;;;;;;;;;;;;;;;;;;;;0
226;2018;Vaggatem;1;TB;20;9;8;1;2;2;119;216;21,6;21;1,418823081;1;1;       +;;;;;;          -;       -;          -;0;       +;1;;0;;;;;;;;;;;;;;;;;;;;;;;;;;;;;;;;;;;;;;;;;;;;;;;;;;
834;2020;Vaggatem;1;RB;1003;9;7;1;2;2;129;216;21,6;21;1,260248736;2;2;+;8;1;-;;         +;           -;           -;           -;0;              +;                 -;;10;;;;;;;;;;;;;;;;;;;;;;;;;;;;;;;;10;;;;;;;;;;;;;;;;rest;;1
838;2020;Vaggatem;1;RB;1007;9;7;1;2;2;138;217;21,7;21;1,290166358;1;1;+;8;1;-;;        +;-;-;-;0;-;-;;0;;;;;;;;;;;;;;;;;;;;;;;;;;;;;;;;;;;;;;;;;;;;;;;;;;0
660;2019;Vaggatem;1;TB;1061;9;7;2;2;2;131;218;21,8;21;1,325776045;2;2;+;8;1;-;; +;-;-;-;3;+;+;;0;;;;;;;;;;;;;;;;;;;;;;;;;;;;;;;;;;;;;;;;;;;;;;;;;;0
30;2018;Vaggatem;1;RB;1180;9;7;1;2;2;127;218;21,8;21;1,144988402;1;1;+;6;1;-;;       +;           -;           -;0;3;        +;         -;;0;;;;;;;;;;;;;;;;;;;;;;;;;;;;;;;;;;;;;;;;;;;;;;;;;;0
619;2019;Vaggatem;1;TB;1020;9;7;1;2;2;137;219;21,9;21;1,299753581;2;2;+;7;1;-;;-;-;-;-;0;+;-;;0;;;;;;;;;;;;;;;;;;;;;;;;;;;;;;;;;;;;;;;;;;;;;;;;;;
1366;2020;Vaggatem;1;TB;1088;9;9;2;2;2;141;219;21,9;21;1,139509989;1;1;+;5;1;-;;         +;           -;           -;           -;0;              +;                 -;;60;;;;;;;;;;;1;;;;19;10;;;;;;;;10;;;;;;;;20;;;;;;;;;;;;;;;;rest;;1
239;2018;Vaggatem;1;TB;33;9;8;1;2;2;137;221;22,1;22;1,383299385;1;1;+;7;1;-;;+;-;-;-;0;-;-;;100;;;;;;;;;;;;;;;1;;;;;;;;;;;;;;;;;;99;;;;;;;;;;;;;;;;;1
468;2019;Vaggatem;1;RB;1076;9;8;2;2;2;143;222;22,2;22;1,260035084;1;1;+;6;1;-;;+;-;-;-;2;+;-;;100;;;;;;;;;;;;;;;;;;;;;;;;;;;;;;;;;100;;;;;;;;;;;;;;;;;1
428;2019;Vaggatem;1;RB;1036;9;8;1;2;2;143;222;22,2;22;1,294694786;2;2;+;9;1;8;;         +;           -;           -;           -;0;              +;                 +;;0;;;;;;;;;;;;;;;;;;;;;;;;;;;;;;;;;;;;;;;;;;;;;;;;;;0
12;2018;Vaggatem;1;RB;1162;9;7;1;2;2;142;223;22,3;22;1,310878471;2;2;+;5;1;-;;       +;           -;           -;           -;1;        +;         -;;0;;;;;;;;;;;;;;;;;;;;;;;;;;;;;;;;;;;;;;;;;;;;;;;;;;0
307;2018;Vaggatem;1;TB;1048;9;9;2;2;2;137;224;22,4;22;1,151738903;2;2;+;6;1;-;;-;-;-;-;0;+;-;;0;;;;;;;;;;;;;;;;;;;;;;;;;;;;;;;;;;;;;;;;;;;;;;;;;;
425;2019;Vaggatem;1;RB;1033;9;8;1;2;2;153;224;22,4;22;1,213776362;1;1;+;8;1;-;;        +;-;-;-;1;-;-;;5;;;;;;;;;;;1;;;;;;;;;;;;;;;;;;;;;;;;;;;;;;;;;;4;;;;;0
872;2020;Vaggatem;1;RB;1041;9;7;1;2;2;148;224;22,4;22;1,316273032;1;1;+;7;1;-;vanskelig, ødelagt;       +;           -;           -;           -;2;        +;        +;;5;;;;;;;;;;;;;;;1;;;;;;;;;;;;;;;;;;;;;;;;;;;;;;;;4;;;0
14;2018;Vaggatem;1;RB;1164;9;7;1;2;2;134;224;22,4;22;1,192198115;1;1;+;6;1;-;;+;-;-;-;2;-;-;;10;;;;;;;;;;;;;;;;;;;;;;;;10;;;;;;;;;;;;;;;;;;;;;;;;;;0
871;2020;Vaggatem;1;RB;1040;9;7;1;2;2;152;225;22,5;22;1,348640402;1;1;       +;;;;;;          -;       -;          -;2;       +;1;;60;;;;;1;;;;1;;30;;;;28;;;;;;;;;;;;;;;;;;;;;;;;;;;;;;;;;;;
237;2018;Vaggatem;1;TB;31;9;8;1;2;2;151;225;22,5;22;1,296228612;2;2;+;8;1;9;;         +;           -;           -;           -;1;              +;                 -;;0;;;;;;;;;;;;;;;;;;;;;;;;;;;;;;;;;;;;;;;;;;;;;;;;;;0
1;2018;Vaggatem;1;RB;1151;9;7;1;2;2;161;225;22,5;22;1,102325562;2;2;+;10;1;11;vanskelig;+;-;-;-;2;-;-;;0;;;;;;;;;;;;;;;;;;;;;;;;;;;;;;;;;;;;;;;;;;;;;;;;;;0
874;2020;Vaggatem;1;RB;1043;9;7;1;2;2;148;226;22,6;22;1,460913395;2;2;+;8;1;-;;+;-;-;-;1;+;-;;0;;;;;;;;;;;;;;;;;;;;;;;;;;;;;;;;;;;;;;;;;;;;;;;;;;0
645;2019;Vaggatem;1;TB;1046;9;7;1;2;2;143;226;22,6;22;1,367946179;1;1;       +;;;;;;          -;          -;          -;0;        +;1;;40;15;25;;;;;;;;;;;;;;;;;;;;;;;;;;;;;;;;;;;;;;;;;;;;;;;;
832;2020;Vaggatem;1;RB;1001;9;7;1;2;2;146;226;22,6;22;1,425698916;2;2;+;9;1;-;;+;-;-;-;0;-;-;;0;;;;;;;;;;;;;;;;;;;;;;;;;;;;;;;;;;;;;;;;;;;;;;;;;;0
646;2019;Vaggatem;1;TB;1047;9;7;1;2;2;156;227;22,7;22;1,297516812;2;2;+;9;1;-;;         +;           -;           -;           -;0;              +;                 -;;50;;;;;;;;;;;;;;;;;;;;;;;;;;;;;;;;50;;;;;;;;;;;;;;;;rest;;1
1142;2020;Vaggatem;1;TB;1032;9;8;1;2;2;166;227;22,7;22;1,171950669;1;1;       +;;;;;;          -;       -;          -;1;       +;1;;100;;;;;;;;;;;;;;;;;;;;;;;;;;;;;;;;100;;;;;;;;;;;;;;;;;;
647;2019;Vaggatem;1;TB;1048;9;7;1;2;2;165;230;23;23;1,352675825;2;2;+;6;1;-;; +;-;-;-;0;+;+;;0;;;;;;;;;;;;;;;;;;;;;;;;;;;;;;;;;;;;;;;;;;;;;;;;;;0
644;2019;Vaggatem;1;TB;1045;9;7;1;2;2;160;231;23,1;23;1,222561293;2;2;+;8;1;-;;+;-;-;-;0;-;-;;0;;;;;;;;;;;;;;;;;;;;;;;;;;;;;;;;;;;;;;;;;;;;;;;;;;0
426;2019;Vaggatem;1;RB;1034;9;8;1;2;2;160;231;23,1;23;1,352675825;2;2;       +;;;;;;          -;       -;          -;0;       +;1;;0;;;;;;;;;;;;;;;;;;;;;;;;;;;;;;;;;;;;;;;;;;;;;;;;;;
408;2019;Vaggatem;1;RB;1016;9;8;1;2;2;154;231;23,1;23;1,28826269;1;1;       +;;;;;;          -;          -;          -;0;        -;0;;10;;;;;;;;;;;;;;;;;;;;;;10;;;;;;;;;;;;;;;;;;;;;;;;;;;;
217;2018;Vaggatem;1;TB;11;9;8;1;2;2;171;234;23,4;23;1,326910571;2;2;+;8;1;-;;        +;-;-;-;0;+;+;;30;;;;;;;;;;;;;;;2;;;;;;;;;;;;;;;;;20;;;;;;;;;;;;8;;;;Plantemateriale;;1
424;2019;Vaggatem;1;RB;1032;9;8;1;2;2;167;235;23,5;23;1,259920911;1;1;+;6;1;-;;       +;           -;           -;           -;0;        +;        +;;30;;;;;;;;;;;;;;;;;;;;;;;;;;;;;;;;;30;;;;;;;;;;;;;;;Nippastingsild;;1
885;2020;Vaggatem;1;RB;1054;9;7;2;2;2;157;235;23,5;23;1,365558452;2;2;+;7;1;-;; +;-;-;-;1;+;+;;100;;;;;;;;;;;;;;;;;;;;;;;;;;;;;;;;100;;;;;;;;;;;;;;;;;;1
899;2020;Vaggatem;1;RB;1068;9;7;2;2;2;173;235;23,5;23;1,281628465;2;2;+;7;1;-;; +;-;-;-;0;+;+;;0;;;;;;;;;;;;;;;;;;;;;;;;;;;;;;;;;;;;;;;;;;;;;;;;;;0
6;2018;Vaggatem;1;RB;1156;9;7;1;2;2;179;236;23,6;23;1,26132544;2;2;+;6;1;-;;       +;           -;           -;           -;2;        +;        +;;0;;;;;;;;;;;;;;;;;;;;;;;;;;;;;;;;;;;;;;;;;;;;;;;;;;0
898;2020;Vaggatem;1;RB;1067;9;7;2;2;2;166;236;23,6;23;1,332386028;1;1;       +;;;;;;          -;       -;          -;0;       +;1;;0;;;;;;;;;;;;;;;;;;;;;;;;;;;;;;;;;;;;;;;;;;;;;;;;;;
886;2020;Vaggatem;1;RB;1055;9;7;2;2;2;191;238;23,8;23;1,268939074;2;2;+;7;1;-;; +;-;-;-;0;+;+;;5;;;;;;;;;;;;;;;5;;;;;;;;;;;;;;;;;;;;;;;;;;;;;;;;;;;0
229;2018;Vaggatem;1;TB;23;9;8;1;2;2;165;238;23,8;23;1,307007247;2;2;       +;;;;;;          -;       -;          -;0;       +;1;;10;;;;;;;;;;;;;;;5;;;;;;;;;;;;;;;;;5;;;;;;;;;;;;;;;;fjærmygglarver i hus? Mye sand i de magene som har fjærmygglarver;;
887;2020;Vaggatem;1;RB;1056;9;7;2;2;2;167;240;24;24;1,383143591;2;2;+;6;1;-;;       +;           -;           -;           -;2;        +;         -;;20;;;;;;;;;;;10;;;;;;;;;;;;;;;;;;;;;10;;;;;;;;;;;;;;;;fiskerest;;1
16;2018;Vaggatem;1;RB;1166;9;7;1;2;2;201;241;24,1;24;1,281628465;1;1;+;7;1;-;;+;-;-;-;1;+;-;;70;;;;;;;;;;;;;;;10;;;;;;;;;60;;;;;;;;;;;;;;;;;;;;;;;;;;0
1157;2020;Vaggatem;1;TB;1047;9;8;2;2;2;183;241;24,1;24;1,35776481;1;1;+;6;1;-;;+;-;-;-;0;+;-;;80;;;;;;;;;;;5;;;;40;;;;;;;;;;;;;;;;;;35;;;;;;;;;;;;;;;;;0
249;2018;Vaggatem;1;TB;43;9;8;2;2;2;209;241;24,1;24;1,3125;1;1;+;7;1;-;;+;-;-;-;4;+;-;;0;;;;;;;;;;;;;;;;;;;;;;;;;;;;;;;;;;;;;;;;;;;;;;;;;;0
4;2018;Vaggatem;1;RB;1154;9;7;1;2;2;181;242;24,2;24;1,12875;1;1;+;8;1;-;;+;-;-;-;0;-;-;;0;;;;;;;;;;;;;;;;;;;;;;;;;;;;;;;;;;;;;;;;;;;;;;;;;;0
837;2020;Vaggatem;1;RB;1006;9;7;1;2;2;167;242;24,2;24;1,2275;1;1;       +;;;;;;          -;       -;          -;0;       +;1;;0;;;;;;;;;;;;;;;;;;;;;;;;;;;;;;;;;;;;;;;;;;;;;;;;;;
873;2020;Vaggatem;1;RB;1042;9;7;1;2;2;184;243;24,3;24;1,45;2;2;       +;;;;;;          -;       -;          -;0;       +;1;;0;;;;;;;;;;;;;;;;;;;;;;;;;;;;;;;;;;;;;;;;;;;;;;;;;;
884;2020;Vaggatem;1;RB;1053;9;7;2;2;2;175;243;24,3;24;1,3375;1;2;+;7;1;-;;+;-;-;-;0;+;-;;1;;;;;;;;;;;;;;;;;;;;;;;;;;;;;;;;;;;;;;;;;;;;;1;;;rest;;0
897;2020;Vaggatem;1;RB;1066;9;7;2;2;2;190;243;24,3;24;1,425;1;1;+;7;1;8;;         +;           -;           -;           -;0;              +;                 +;;70;;;;;4;;;;;;65;;;;;;;;;;;;;1;;;;;;;;;;;;;;;;;;;;;;;;;;0
642;2019;Vaggatem;1;TB;1043;9;7;1;2;2;199;245;24,5;24;1,268379028;1;1;       +;;;;;;          -;       -;          -;0;       +;1;;0;;;;;;;;;;;;;;;;;;;;;;;;;;;;;;;;;;;;;;;;;;;;;;;;;;
836;2020;Vaggatem;1;RB;1005;9;7;1;2;2;201;245;24,5;24;1,305322106;1;1;+;6;1;-;; +;-;-;-;1;+;+;;1;;;;;;;;;;;;;;;;;;;;;;1;;;;;;;;;;;;;;;;;;;;;;;;;;;;0
225;2018;Vaggatem;1;TB;19;9;8;1;2;2;192;246;24,6;24;1,243750309;2;2;+;9;1;8;;         +;           -;           -;           -;2;              +;                 +;;5;;;;;;;;;;;5;;;;;;;;;;;;;;;;;;;;;;;;;;;;;;;;;;;;;;;0
21;2018;Vaggatem;1;RB;1171;9;7;1;2;2;194;246;24,6;24;1,268379028;2;2;+;8;1;-;;-;-;-;-;1;+;-;;10;;;;;;;;;;;;;;;10;;;;;;;;;;;;;;;;;;;;;;;;;;;;;;;;;;;
620;2019;Vaggatem;1;TB;1021;9;7;1;2;2;196;247;24,7;24;1,305322106;1;1;       +;;;;;;          -;          -;          -;0;        -;0;;60;;;;;;;;;;;;;;;;;;;;;;;;;;;;;5;;;;55;;;;;;;;;;;;;;;stingsild;;
895;2020;Vaggatem;1;RB;1064;9;7;2;2;2;206;247;24,7;24;1,249634815;1;1;+;6;1;-;;-;-;-;-;0;+;-;;0;;;;;;;;;;;;;;;;;;;;;;;;;;;;;;;;;;;;;;;;;;;;;;;;;;
643;2019;Vaggatem;1;TB;1044;9;7;1;2;2;196;248;24,8;24;1,395223338;2;2;       +;;;;;;          -;       -;          -;1;       +;1;;0;;;;;;;;;;;;;;;;;;;;;;;;;;;;;;;;;;;;;;;;;;;;;;;;;;
463;2019;Vaggatem;1;RB;1071;9;8;2;2;2;208;249;24,9;24;1,370958584;1;2;+;6;1;-;;+;-;-;-;0;+;-;;10;;;;;;;;;;;;;;;10;;;;;;;;;;;;;;;;;;;;;;;;;;;;;;;;;;;0
1141;2020;Vaggatem;1;TB;1031;9;8;1;2;2;239;250;25;25;1,225370062;2;2;+;8;1;-;; +;-;-;-;1;+;+;;80;;;;;;;;;;;;;;;;;;;;;;;;;;;;;;;;;80;;;;;;;;;;;;;;;1 x stingsild;;1
218;2018;Vaggatem;1;TB;12;9;8;1;2;2;247;250;25;25;1,267120017;2;2;+;9;1;8;;         +;           -;           -;           -;3;              +;                 +;;0;;;;;;;;;;;;;;;;;;;;;;;;;;;;;;;;;;;;;;;;;;;;;;;;;;0
1143;2020;Vaggatem;1;TB;1033;9;8;1;2;2;216;252;25,2;25;1,302981904;2;2;+;9;1;-;;         +;           -;           -;           -;2;              +;                 +;;0;;;;;;;;;;;;;;;;;;;;;;;;;;;;;;;;;;;;;;;;;;;;;;;;;;0
605;2019;Vaggatem;1;TB;1006;9;7;1;2;2;207;252;25,2;25;1,207350205;1;1;+;7;1;6;;+;-;-;-;0;-;-;;0;;;;;;;;;;;;;;;;;;;;;;;;;;;;;;;;;;;;;;;;;;;;;;;;;;0
238;2018;Vaggatem;1;TB;32;9;8;1;2;2;225;253;25,3;25;1,243212092;1;2;+;9;1;8;;         +;           -;           -;           -;1;              +;                 -;;20;;;;;;;;;;;;;;;3;;;;;;;;;;;;;;;;;17;;;;;;;;;;;;;;;;rest;;1
3;2018;Vaggatem;1;RB;1153;9;7;1;2;2;233;254;25,4;25;1,243212092;1;2;+;8;1;-;;        +;-;-;-;0;-;-;;60;;;;;;;;;;;55;;;;5;;;;;;;;;;;;;;;;;;;;;;;;;;;;;;;;;;;0
211;2018;Vaggatem;1;TB;5;9;8;1;2;2;183;254;25,4;25;1,369684131;2;2;+;11;1;-;;-;-;-;-;0;+;-;;0;;;;;;;;;;;;;;;;;;;;;;;;;;;;;;;;;;;;;;;;;;;;;;;;;;
210;2018;Vaggatem;1;TB;4;9;8;1;2;2;204;255;25,5;25;1,334861653;1;1;+;7;1;-;;+;-;-;-;3;+;-;;0;;;;;;;;;;;;;;;;;;;;;;;;;;;;;;;;;;;;;;;;;;;;;;;;;;0
462;2019;Vaggatem;1;RB;1070;9;8;2;2;2;250;255;25,5;25;1,288431683;2;2;+;8;1;-;;+;-;-;-;2;-;-;;0;;;;;;;;;;;;;;;;;;;;;;;;;;;;;;;;;;;;;;;;;;;;;;;;;;0
236;2018;Vaggatem;1;TB;30;9;8;1;2;2;235;256;25,6;25;1,358076638;1;1;+;7;1;6;;+;-;-;-;0;-;-;;0;;;;;;;;;;;;;;;;;;;;;;;;;;;;;;;;;;;;;;;;;;;;;;;;;;0
256;2018;Vaggatem;1;TB;50;9;8;1;2;2;239;257;25,7;25;1,288431683;1;1;       +;;;;;;          -;       -;          -;3;       +;1;;0;;;;;;;;;;;;;;;;;;;;;;;;;;;;;;;;;;;;;;;;;;;;;;;;;;
20;2018;Vaggatem;1;RB;1170;9;7;1;2;2;244;257;25,7;25;1,230394219;2;2;+;7;1;-;;+;-;-;-;0;+;-;;10;;;;;;;;;;;;;;;10;;;;;;;;;;;;;;;;;;;;;;;;;;;;;;;;;;;0
18;2018;Vaggatem;1;RB;1168;9;7;1;2;2;245;258;25,8;25;1,311646668;1;1;       +;;;;;;          -;       -;          -;0;       +;1;;20;;;;;;;;;;;;;;;15;;;;;;;;;5;;;;;;;;;;;;;;;;;;;;;;;;;;
395;2019;Vaggatem;1;RB;1003;9;8;1;2;2;243;258;25,8;25;1,172356756;1;1;+;6;1;-;;-;-;-;-;0;+;-;;70;;;;;;;;;;;;;;;;;;;;;;;;70;;;;;;;;;;;;;;;;;;;;;;;;;;
401;2019;Vaggatem;1;RB;1009;9;8;1;2;2;251;259;25,9;25;1,100457845;1;1;+;8;1;-;;       +;           -;           -;           -;1;        +;        +;;0;;;;;;;;;;;;;;;;;;;;;;;;;;;;;;;;;;;;;;;;;;;;;;;;;;0
394;2019;Vaggatem;1;RB;1002;9;8;1;2;2;231;259;25,9;25;1,23544124;1;1;+;6;1;-;; +;-;-;-;5;+;+;;5;;;;;;;;;;;;;;;;;;;;;;;;;;;;;;;;5;;;;;;;;;;;;;;;;Beinrester;;1
255;2018;Vaggatem;1;TB;49;9;8;1;2;2;250;261;26,1;26;1,258319782;2;2;+;8;1;7;;         +;           -;           -;           -;2;              +;                 +;;30;;;;;;;;;;;5;;;;;;;;;;;;;15;;;;;;;;;;;;;;;;;;;;10;;;;snegl, rest;;0
397;2019;Vaggatem;1;RB;1005;9;8;1;2;2;250;261;26,1;26;1,201123428;2;2;+;8;1;7;;         +;           -;           -;           -;3;              +;                 +;;90;;;;;;;;;;;60;;;;10;;;;;;;;;;;;;;;;;;20;;;;;;;;;;;;;;;nipiggastingsild;;1
214;2018;Vaggatem;1;TB;8;9;8;1;2;2;223;262;26,2;26;1,333494538;2;2;+;9;1;-;;         +;           -;           -;           -;2;              +;                 +;;0;;;;;;;;;;;;;;;;;;;;;;;;;;;;;;;;;;;;;;;;;;;;;;;;;;0
600;2019;Vaggatem;1;TB;1001;9;7;1;2;2;251;264;26,4;26;1,222369993;2;2;+;9;1;-;;+;-;-;-;0;-;-;;0;;;;;;;;;;;;;;;;;;;;;;;;;;;;;;;;;;;;;;;;;;;;;;;;;;0
400;2019;Vaggatem;1;RB;1008;9;8;1;2;2;240;264;26,4;26;1,377944356;1;1;       +;;;;;;          -;       -;          -;1;       +;1;;0;;;;;;;;;;;;;;;;;;;;;;;;;;;;;;;;;;;;;;;;;;;;;;;;;;
9;2018;Vaggatem;1;RB;1159;9;7;1;2;2;242;265;26,5;26;1,300157175;2;1;       +;;;;;;        -;        -;        -;0;        +;1;;0;;;;;;;;;;;;;;;;;;;;;;;;;;;;;;;;;;;;;;;;;;;;;;;;;;
641;2019;Vaggatem;1;TB;1042;9;7;1;2;2;237;265;26,5;26;1,18903263;2;2;+;8;1;-;; +;-;-;-;0;+;+;;100;;;;;;;;;;;;;;;;;;;;;;;;;;;;;;;;100;;;;;;;;;;;;;;;;;;1
614;2019;Vaggatem;1;TB;1015;9;7;1;2;2;260;266;26,6;26;1,380167151;2;2;+;11;1;10;vanskelig;+;-;-;-;2;+;-;;0;;;;;;;;;;;;;;;;;;;;;;;;;;;;;;;;;;;;;;;;;;;;;;;;;;0
260;2018;Vaggatem;1;TB;54;9;8;1;2;2;266;268;26,8;26;1,237768953;1;1;+;8;1;-;;        +;-;-;-;1;-;-;;50;;;;;;;;;;;;;;;;;;;;;;;;;;;;;;;;;;;;;;;;;;;;;;;;;;0
835;2020;Vaggatem;1;RB;1004;9;7;1;2;2;273;268;26,8;26;1,220170608;2;2;+;12;1;11;;       +;           -;           -;           -;3;        +;         -;;0;;;;;;;;;;;;;;;;;;;;;;;;;;;;;;;;;;;;;;;;;;;;;;;;;;0
883;2020;Vaggatem;1;RB;1052;9;7;2;2;2;248;268;26,8;26;1,338948278;1;1;       +;;;;;;          -;       -;          -;1;       +;1;;90;;;;;;;;;;;;;;;;;;;;;;;;5;;;;;;;;85;;;;;;;;;;;;;;;;rest;;
399;2019;Vaggatem;1;RB;1007;9;8;1;2;2;232;270;27;27;1,19225913;1;1;       +;;;;;;          -;       -;          -;2;       +;1;;0;;;;;;;;;;;;;;;;;;;;;;;;;;;;;;;;;;;;;;;;;;;;;;;;;;
603;2019;Vaggatem;1;TB;1004;9;7;1;2;2;281;270;27;27;1,320001179;2;2;+;9;1;-;;         +;           -;           -;           -;3;              +;                 +;;10;;;;;1;;;;;;9;;;;;;;;;;;;;;;;;;;;;;;;;;;;;;;;;;;;;;;0
50;2018;Vaggatem;1;RB;1216;9;7;1;2;2;364;271;27,1;27;1,234839813;2;2;+;8;1;9;;         +;           -;           -;           -;0;              +;                 -;;10;;;;;;;;;;;;;;;10;;;;;;;;;;;;;;;;;;;;;;;;;;;;;;;;;;;0
833;2020;Vaggatem;1;RB;1002;9;7;1;2;2;248;272;27,2;27;1,33064635;1;2;+;9;1;8;;         +;           -;           -;           -;0;              +;              -;;30;;;;;;;;;;;1;;;;;;;;;;;;;;;;;;;;;29;;;;;;;;;;;;;;;;rest  ;;1
882;2020;Vaggatem;1;RB;1051;9;7;2;2;2;254;272;27,2;27;1,364381335;1;2;+;9;1;-;;         +;           -;           -;           -;1;              +;              -;;0;;;;;;;;;;;;;;;;;;;;;;;;;;;;;;;;;;;;;;;;;;;;;;;;;;0
640;2019;Vaggatem;1;TB;1041;9;7;1;2;2;284;275;27,5;27;1,322400371;1;1;+;6;1;7;;+;-;-;-;1;+;-;;0;;;;;;;;;;;;;;;;;;;;;;;;;;;;;;;;;;;;;;;;;;;;;;;;;;0
253;2018;Vaggatem;1;TB;47;9;8;1;2;2;271;276;27,6;27;1,238438442;1;1;       +;;;;;;          -;       -;          -;0;       +;1;;0;;;;;;;;;;;;;;;;;;;;;;;;;;;;;;;;;;;;;;;;;;;;;;;;;;
1112;2020;Vaggatem;1;TB;1002;9;8;1;2;2;295;278;27,8;27;1,301409889;2;2;       +;;;;;;        -;        -;        -;0;        +;1;;0;;;;;;;;;;;;;;;;;;;;;;;;;;;;;;;;;;;;;;;;;;;;;;;;;;
396;2019;Vaggatem;1;RB;1004;9;8;1;2;2;295;281;28,1;28;1,343390853;1;2;+;8;1;-;;        +;-;-;-;3;-;-;;30;;;;;;;;;;;;;;;;;;;;;;;;;;;;;;;;25;;;;;;;;;;;;5;;;;Planterest;;1
1155;2020;Vaggatem;1;TB;1045;9;8;2;2;2;318;281;28,1;28;1,334906661;1;1;+;9;1;-;;       +;           -;           -;           -;1;        +;         -;;20;;;;;;;;;;;;;;;;;;;;;;;;;;;;;;;;20;;;;;;;;;;;;;;;;uid fiskerest;;1
604;2019;Vaggatem;1;TB;1005;9;7;1;2;2;278;283;28,3;28;1,306076603;2;2;+;7;1;6;;       +;           -;           -;           -;0;        +;        +;;0;;;;;;;;;;;;;;;;;;;;;;;;;;;;;;;;;;;;;;;;;;;;;;;;;;0
894;2020;Vaggatem;1;RB;1063;9;7;2;2;2;280;283;28,3;28;1,275465433;1;1;+;10;1;-;;+;-;-;-;1;+;-;;0;;;;;;;;;;;;;;;;;;;;;;;;;;;;;;;;;;;;;;;;;;;;;;;;;;0
252;2018;Vaggatem;1;TB;46;9;8;1;2;2;337;283;28,3;28;1,122409581;1;1;+;10;1;-;;+;-;-;-;0;-;-;;0;;;;;;;;;;;;;;;;;;;;;;;;;;;;;;;;;;;;;;;;;;;;;;;;;;0
423;2019;Vaggatem;1;RB;1031;9;8;1;2;2;312;283;28,3;28;1,244854262;1;1;+;6;1;-;;-;-;-;-;0;+;-;;0;;;;;;;;;;;;;;;;;;;;;;;;;;;;;;;;;;;;;;;;;;;;;;;;;;
606;2019;Vaggatem;1;TB;1007;9;7;1;2;2;297;283;28,3;28;1,469336178;2;2;       +;;;;;;          -;       -;          -;1;       +;1;;0;;;;;;;;;;;;;;;;;;;;;;;;;;;;;;;;;;;;;;;;;;;;;;;;;;
608;2019;Vaggatem;1;TB;1009;9;7;1;2;2;302;285;28,5;28;1,275465433;1;1;+;6;1;-;; +;-;-;-;1;+;+;;100;;;;;;;;;;;;;;;20;;;;;;;;;;;;;;;;;;80;;;;;;;;;;;;;;;6 x små stingsild. Alle utenfor magesekk.;;1
11;2018;Vaggatem;1;RB;1161;9;7;1;2;2;319;285;28,5;28;1,358370961;1;1;       +;;;;;;          -;       -;          -;5;       +;1;;0;;;;;;;;;;;;;;;;;;;;;;;;;;;;;;;;;;;;;;;;;;;;;;;;;;
49;2018;Vaggatem;1;RB;1215;9;7;1;2;2;380;288;28,8;28;1,479115046;1;2;       +;;;;;;          -;       -;          -;0;       +;1;;20;;;;;;;;;;;;;;;;;;;;;;;;;;;;;;;;20;;;;;;;;;;;;;;;;;;
638;2019;Vaggatem;1;TB;1039;9;7;1;2;2;292;289;28,9;28;1,338246947;1;2;+;10;1;9;;+;-;-;-;11;+;-;;30;;;;;;;;;;;1;;;;;;;;;;;;;29;;;;;;;;;;;;;;;;;;;;;;;;;;0
601;2019;Vaggatem;1;TB;1002;9;7;1;2;2;313;290;29;29;1,247688883;1;1;       +;;;;;;          -;       -;          -;0;       +;1;;100;;;;;;;;;;;;;;;;;;;;;;;;;;;;;;;;100;;;;;;;;;;;;;;;;;;
259;2018;Vaggatem;1;TB;53;9;8;1;2;2;309;293;29,3;29;1,448929025;1;1;       +;;;;;;          -;       -;          -;1;       +;1;;100;;;;;;;;;;;;;;;;;;;;;;;;;;;;;;;;100;;;;;;;;;;;;;;;;;;
254;2018;Vaggatem;1;TB;48;9;8;1;2;2;328;294;29,4;29;1,180825459;1;1;+;9;1;-;; +;-;-;-;0;+;+;;0;;;;;;;;;;;;;;;;;;;;;;;;;;;;;;;;;;;;;;;;;;;;;;;;;;0
639;2019;Vaggatem;1;TB;1040;9;7;1;2;2;325;295;29,5;29;1,280054489;1;1;+;11;1;10;;+;-;-;-;2;+;-;;0;;;;;;;;;;;;;;;;;;;;;;;;;;;;;;;;;;;;;;;;;;;;;;;;;;0
257;2018;Vaggatem;1;TB;51;9;8;1;2;2;303;295;29,5;29;1,35051647;1;2;+;10;1;-;;+;-;-;-;2;+;-;;20;;;;1;;;;;;;;;;;3;;;;;;;1;;;;;;;;;;15;;;;;;;;;;;;;;;;rest;;1
251;2018;Vaggatem;1;TB;45;9;8;2;2;2;152;297;29,7;29;1,264450449;1;1;+;6;1;-;;       +;           -;           -;0;0;        +;         -;;0;;;;;;;;;;;;;;;;;;;;;;;;;;;;;;;;;;;;;;;;;;;;;;;;;;0
637;2019;Vaggatem;1;TB;1038;9;7;1;2;2;365;299;29,9;29;1,225841275;1;1;+;8;1;-;;        +;-;-;-;3;-;-;;70;;;;;;;;;;;5;;;;13;;;;;;;;;10;;;2;;;;;40;;;;;;;;;;;;;;;;;;1
896;2020;Vaggatem;1;RB;1065;9;7;2;2;2;350;300;30;30;1,30433222;1;2;+;5;1;-;;       +;           -;           -;           -;3;        +;        +;;0;;;;;;;;;;;;;;;;;;;;;;;;;;;;;;;;;;;;;;;;;;;;;;;;;;0
635;2019;Vaggatem;1;TB;1036;9;7;1;2;2;408;301;30,1;30;1,342414913;1;2;+;7;1;-;;+;-;-;-;3;-;-;;0;;;;;;;;;;;;;;;;;;;;;;;;;;;;;;;;;;;;;;;;;;;;;;;;;;0
398;2019;Vaggatem;1;RB;1006;9;8;1;2;2;376;301;30,1;30;1,294811547;2;2;       +;;;;;;          -;       -;          -;1;       +;1;;30;;;;;;;;;;;;;;;5;;;;;;;;;;;;;;;;;;;;;;;;;;;;;25;;;;;;
258;2018;Vaggatem;1;TB;52;9;8;1;2;2;384;301;30,1;30;1,361456259;1;1;       +;;;;;;          -;       -;          -;0;       +;1;;60;;;;;;;;;;;;;;;;;;;;;;;;;;;;;;;;50;;;;;;;;;;;;10;;;;Fiskerest. Plante.;;
1350;2020;Vaggatem;1;TB;1072;9;9;2;2;2;441;304;30,4;30;1,446280992;1;1;+;6;1;7;;-;-;-;-;2;+;-;;0;;;;;;;;;;;;;;;;;;;;;;;;;;;;;;;;;;;;;;;;;;;;;;;;;;
46;2018;Vaggatem;1;RB;1212;9;7;1;2;2;389;305;30,5;30;1,371149767;1;1;       +;;;;;;          -;       -;          -;1;       +;1;;0;;;;;;;;;;;;;;;;;;;;;;;;;;;;;;;;;;;;;;;;;;;;;;;;;;
1114;2020;Vaggatem;1;TB;1004;9;8;1;2;2;460;309;30,9;30;1,269239987;2;2;+;8;1;-;; +;-;-;-;3;+;+;;70;;;;;;;;;;;;;;;;;;;;;;;;;;;;;;;;;70;;;;;;;;;;;;;;;2 x Stingsild;;1
602;2019;Vaggatem;1;TB;1003;9;7;1;2;2;462;313;31,3;31;1,307004594;1;1;+;8;1;-;;         +;           -;           -;           -;2;              +;                 -;;0;;;;;;;;;;;;;;;;;;;;;;;;;;;;;;;;;;;;;;;;;;;;;;;;;;0
48;2018;Vaggatem;1;RB;1214;9;7;1;2;2;471;314;31,4;31;1,233885456;2;2;+;6;1;-;;-;-;-;-;1;+;-;;0;;;;;;;;;;;;;;;;;;;;;;;;;;;;;;;;;;;;;;;;;;;;;;;;;;
636;2019;Vaggatem;1;TB;1037;9;7;1;2;2;477;315;31,5;31;1,489802439;1;2;       +;;;;;;          -;       -;          -;0;       +;1;;20;;;;;;;;;;;;;;;;;;;;;;;;15;;;;;;;;5;;;;;;;;;;;;;;;;;;
47;2018;Vaggatem;1;RB;1213;9;7;1;2;2;427;315;31,5;31;1,307004594;1;1;+;9;1;-;;         +;           -;           -;           -;2;              +;              -;;30;;;;;;;;;;;5;;;;10;;;;;;;;;5;;;;;;;;10;;;;;;;;;;;;;;;;;;1
607;2019;Vaggatem;1;TB;1008;9;7;1;2;2;396;320;32;32;1,425823194;2;2;       +;;;;;;          -;       -;          -;1;       +;1;;50;;;;;;;;;;;;;;;;;;;;;;;;;;;;;;;;50;;;;;;;;;;;;;;;;;;
;;;;;;;;;;;;;;;1,280482818;1;1;+;9;1;-;;        +;-;-;-;0;+;+;;0;;;;;;;;;;;;;;;;;;;;;;;;;;;;;;;;;;;;;;;;;;;;;;;;;;0
;;;;;;;;;;;;;;;1,253430364;1;1;       +;;;;;;          -;       -;          -;1;       +;1;;40;;;;;;;;;;;;;;;3;7;;;;;;;;;;;;;;;;30;;;;;;;;;;;;;;;;rest;;
;;;;;;;;;;;;;;;1,280482818;1;1;       +;;;;;;          -;       -;          -;1;       +;1;;80;;;;;;;;;;;60;;;;;;;;;;;;;20;;;;;;;;;;;;;;;;;;;;;;;;;;
;;;;;;;;;;;;;;;1,218923674;1;1;+;9;1;-;; +;-;-;-;0;+;  +;;0;;;;;;;;;;;;;;;;;;;;;;;;;;;;;;;;;;;;;;;;;;;;;;;;;;0
;;;;;;;;;;;;;;;1,361279724;1;2;+;12;1;11;;         +;           -;           -;           -;2;              +;                 +;;10;;;;;;;;;;;1;;;;4;;;;;;;;;;;;;;;;;5;;;;;;;;;;;;;;;;rest;;1
;;;;;;;;;;;;;;;1,316793458;1;1;+;10;1;-;;+;-;-;-;4;+;-;;10;;;;;;;;;;;;;;;1;;;;;;;;;9;;;;;;;;;;;;;;;;;;;;;;;;;;0
;;;;;;;;;;;;;;;1,192231915;1;2;+;9;1;-;;        +;-;-;-;0;+;+;;60;;20;;;;;;;;;24;;;;5;;;;;;;;;1;10;;;;;;;;;;;;;;;;;;;;;;;;;0
;;;;;;;;;;;;;;;1,334430727;1;2;+;10;1;-;;+;-;-;-;2;+;-;;0;;;;;;;;;;;;;;;;;;;;;;;;;;;;;;;;;;;;;;;;;;;;;;;;;;0
;;;;;;;;;;;;;;;1,360768176;2;2;       +;;;;;;          -;       -;          -;1;       +;1;;0;;;;;;;;;;;;;;;;;;;;;;;;;;;;;;;;;;;;;;;;;;;;;;;;;;
;;;;;;;;;;;;;;;1,325651578;2;1;+;7;1;-;; +;-;-;-;0;+;+;;40;;;;;;;;;;;;;;;;;;;;;;;;;;;;;;;;25;;;;;;;;;;;;15;;;;Godt fordøyd. Planterester;;1
;;;;;;;;;;;;;;;1,413443073;1;1;+;9;1;-;;        +;-;-;-;0;+;+;;80;;;;;;;;;;;;;;;;;;;;;;;;;;;;;;;;;80;;;;;;;;;;;;;;;1 stingsild;;1
;;;;;;;;;;;;;;;1,2821428;2;2;+;8;1;-;;+;-;-;-;1;+;-;;0;;;;;;;;;;;;;;;;;;;;;;;;;;;;;;;;;;;;;;;;;;;;;;;;;;0
;;;;;;;;;;;;;;;1,334121562;1;1;       +;;;;;;          -;       -;          -;0;       +;1;;0;;;;;;;;;;;;;;;;;;;;;;;;;;;;;;;;;;;;;;;;;;;;;;;;;;
;;;;;;;;;;;;;;;1,403426579;1;2;       +;;;;;;          -;       -;          -;0;       +;1;;0;;;;;;;;;;;;;;;;;;;;;;;;;;;;;;;;;;;;;;;;;;;;;;;;;;
;;;;;;;;;;;;;;;1,238827165;2;2;+;14;1;13;;       +;           -;           -;           -;4;        +;         -;;20;;;;;;;;;;;;;;;;;;;;;;;;;;;;;;;;20;;;;;;;;;;;;;;;;fiskerest;;1
;;;;;;;;;;;;;;;1,264816546;1;2;+;11;1;10;;+;-;-;-;10;+;-;;50;;;;;;;;;;;;;;;;;;;;;;;;;;;;;;;;;50;;;;;;;;;;;;;;;;;1
;;;;;;;;;;;;;;;1,333665838;1;1;+;10;1;11;;       +;           -;           -;           -;1;        +;         -;;0;;;;;;;;;;;;;;;;;;;;;;;;;;;;;;;;;;;;;;;;;;;;;;;;;;0
;;;;;;;;;;;;;;;1,419157238;2;2;+;10;1;-;;+;-;-;-;0;+;-;;80;;;;;;;;;;;;;;;1;;;;;;;;;;;;;;;;;;79;;;;;;;;;;;;;;;;;1
;;;;;;;;;;;;;;;1,356127229;2;2;+;12;1;-;;       +;           -;           -;           -;3;        +;         -;;0;;;;;;;;;;;;;;;;;;;;;;;;;;;;;;;;;;;;;;;;;;;;;;;;;;0
;;;;;;;;;;;;;;;1,241061889;2;2;       +;;;;;;          -;       -;          -;1;       +;1;;0;;;;;;;;;;;;;;;;;;;;;;;;;;;;;;;;;;;;;;;;;;;;;;;;;;
;;;;;;;;;;;;;;;1,298027947;2;2;+;10;1;-;;       +;           -;           -;           -;1;        +;        +;;0;;;;;;;;;;;;;;;;;;;;;;;;;;;;;;;;;;;;;;;;;;;;;;;;;;0
;;;;;;;;;;;;;;;1,33859132;1;1;       +;;;;;;          -;       -;          -;0;       +;1;;0;;;;;;;;;;;;;;;;;;;;;;;;;;;;;;;;;;;;;;;;;;;;;;;;;;
;;;;;;;;;;;;;;;1,298027947;1;1;+;9;1;-;;         +;           -;           -;           -;0;              +;                 +;;10;;;;;;;;;;;;;;;;;;;;;;1;;;;;;;;;;;;;;;;;;;;;;9;;;;snegl, rest;;0
;;;;;;;;;;;;;;;1,249351899;1;1;+;9;1;10;;         +;           -;           -;           -;2;              +;                 +;;30;;;;;;;;;;;5;;;;10;;;;;;;;;15;;;;;;;;;;;;;;;;;;;;;;;;;;0
;;;;;;;;;;;;;;;1,297331789;1;1;       +;;;;;;          -;       -;          -;0;       +;1;;0;;;;;;;;;;;;;;;;;;;;;;;;;;;;;;;;;;;;;;;;;;;;;;;;;;
;;;;;;;;;;;;;;;1,581110536;1;2;       +;;;;;;          -;       -;          -;7;       +;1;;0;;;;;;;;;;;;;;;;;;;;;;;;;;;;;;;;;;;;;;;;;;;;;;;;;;
;;;;;;;;;;;;;;;1,334592064;1;2;+;9;1;-;; +;-;-;-;0;+;+;;30;;;;;;;;;;;;;;;;;;;;;;;;30;;;;;;;;;;;;;;;;;;;;;;;;;;0
;;;;;;;;;;;;;;;1,560926391;1;2;       +;;;;;;          -;          -;          -;0;        +;1;;60;;;;;;;;;;;;;;;;;;;;;;;;;5;;;;;;;45;;;;;;;;;;;;10;;;;planterester;;
;;;;;;;;;;;;;;;1,286805428;2;2;+;11;1;12;;         +;           -;           -;           -;1;              +;                 +;;0;;;;;;;;;;;;;;;;;;;;;;;;;;;;;;;;;;;;;;;;;;;;;;;;;;0
;;;;;;;;;;;;;;;1,209751211;1;2;+;12;1;-;;+;-;-;-;3;+;-;;0;;;;;;;;;;;;;;;;;;;;;;;;;;;;;;;;;;;;;;;;;;;;;;;;;;0
;;;;;;;;;;;;;;;1,333037959;2;2;+;12;1;-;;+;-;-;-;1;-;-;;0;;;;;;;;;;;;;;;;;;;;;;;;;;;;;;;;;;;;;;;;;;;;;;;;;;0
;;;;;;;;;;;;;;;1,361811578;2;2;+;12;1;-;;        +;-;-;-;2;+;+;;60;;;;;;;;;;;1;;;;30;;;;;;;;;;;;;;;;;29;;;;;;;;;;;;;;;;;;0
;;;;;;;;;;;;;;;1,262909061;2;2;+;10;1;-;;+;-;-;-;0;+;-;FG 100 % 1 abbor, 84 mm;100;;;;;;;;;;;;;;;;;;;;;;;;;;;;;;;;;;;;;100;;;;;;;;;;;1 abbor, 84 mm;;1
;;;;;;;;;;;;;;;1,416780256;2;2;+;12;1;-;;+;-;-;-;2;+;-;;0;;;;;;;;;;;;;;;;;;;;;;;;;;;;;;;;;;;;;;;;;;;;;;;;;;0
;;;;;;;;;;;;;;;1,223920117;1;2;+;7;1;-;; +;-;-;-;0;+;+;;1;;;;;;;;;;;;;;;;;;;;;;;;;;;;;;;;;;;;;;;;;;;;;1;;;;;0
;;;;;;;;;;;;;;;1,333145912;1;1;       +;;;;;;          -;       -;          -;5;       +;1;;90;;;;;;;;;;;;;;;;;;;;;;;;;;;;;;;;90;;;;;;;;;;;;;;;;;;
;;;;;;;;;;;;;;;1,208043981;1;1;+;10;1;-;;+;-;-;-;0;+;-;;0;;;;;;;;;;;;;;;;;;;;;;;;;;;;;;;;;;;;;;;;;;;;;;;;;;0
;;;;;;;;;;;;;;;1,435968555;2;2;+;13;1;-;;        +;-;-;-;3;+;+;;0;;;;;;;;;;;;;;;;;;;;;;;;;;;;;;;;;;;;;;;;;;;;;;;;;;0
;;;;;;;;;;;;;;;1,307374356;1;2;+;10;1;-;;+;-;-;-;0;+;-;;0;;;;;;;;;;;;;;;;;;;;;;;;;;;;;;;;;;;;;;;;;;;;;;;;;;0
;;;;;;;;;;;;;;;1,493121532;1;2;+;13;1;-;; +;-;-;-;0;+;+;;80;;;;;;;;;;;;;;;;;;;;;;;;;;;;;;;;80;;;;;;;;;;;;;;;;;;1
;;;;;;;;;;;;;;;1,277122267;1;2;+;11;1;-;;        +;-;-;-;1;+;+;;0;;;;;;;;;;;;;;;;;;;;;;;;;;;;;;;;;;;;;;;;;;;;;;;;;;0
;;;;;;;;;;;;;;;1,178339329;1;2;+;11;1;-;;+;-;-;-;0;+;-;;0;;;;;;;;;;;;;;;;;;;;;;;;;;;;;;;;;;;;;;;;;;;;;;;;;;0
;;;;;;;;;;;;;;;1,36884928;1;1;+;9;1;-;;-;-;-;-;9;+;-;;10;;;;;;;;;;;;;;;;;;;;;;;;;;;;;;;;10;;;;;;;;;;;;;;;;rest  ;;
;;;;;;;;;;;;;;;1,361793356;1;2;       +;;;;;;          -;       -;          -;2;       +;1;;10;;;;;;;;;;;;;;;4;;;;;;;;;2;;;;;;;;4;;;;;;;;;;;;;;;;;;
;;;;;;;;;;;;;;;1,282327637;1;2;+;11;1;-;;+;-;-;-;1;+;-;;0;;;;;;;;;;;;;;;;;;;;;;;;;;;;;;;;;;;;;;;;;;;;;;;;;;0
;;;;;;;;;;;;;;;1,219605089;1;2;+;12;1;11;;+;-;-;-;4;+;-;;0;;;;;;;;;;;;;;;;;;;;;;;;;;;;;;;;;;;;;;;;;;;;;;;;;;0
;;;;;;;;;;;;;;;1,324142668;1;2;+;13;1;-;;+;-;-;-;2;+;-;FG 100 % 1 abbor , 89 mm;100;;;;;;;;;;;;;;;;;;;;;;;;;;;;;;;;;;;;;100;;;;;;;;;;;1 abbor , 89 mm;;1
;;;;;;;;;;;;;;;1,353177673;1;2;+;12;1;13;;       +;           -;           -;           -;11;        +;        +;;5;;;;;;;;;;;4;;;;;;;;;;;;;;;;;;;;;;;;;;;;;;;;;;;1;;planktonrest;;0
;;;;;;;;;;;;;;;1,366777448;2;2;+;14;1;-;;+;-;-;-;0;+;-;;50;;;;;;;;;;;;;;;;;;;;;;;;20;;;;;;;;30;;;;;;;;;;;;;;;;rest;;1
;;;;;;;;;;;;;;;1,289721404;1;2;+;13;1;-;; +;-;-;-;0;+;+;;5;;;;;;;;;;;;;;;;;;;;;;;;;;;;;;;;5;;;;;;;;;;;;;;;;;;1
;;;;;;;;;;;;;;;1,303156002;1;2;+;12;1;-;;        +;-;-;-;9;+;+;;60;;;;;;;;;;;;;;;;30;;;;;;;;5;;;;;;;;25;;;;;;;;;;;;;;;;;;1
;;;;;;;;;;;;;;;1,300664274;2;2;+;15;1;-;;       +;           -;           -;           -;2;        +;        +;;0;;;;;;;;;;;;;;;;;;;;;;;;;;;;;;;;;;;;;;;;;;;;;;;;;;0
;;;;;;;;;;;;;;;1,367024697;2;2;+;13;1;-;;+;-;-;-;2;+;-;;0;;;;;;;;;;;;;;;;;;;;;;;;;;;;;;;;;;;;;;;;;;;;;;;;;;0
;;;;;;;;;;;;;;;1,426749077;1;1;       +;;;;;;          -;       -;          -;0;       +;1;;40;;;;;;;;;;;;;;;;;;;;;;;;;;;;;;;;;40;;;;;;;;;;;;;;;Nipiggetstingsild;;
;;;;;;;;;;;;;;;1,28499379;1;2;+;10;1;-;;       +;           -;           -;           -;13;        +;        +;;0;;;;;;;;;;;;;;;;;;;;;;;;;;;;;;;;;;;;;;;;;;;;;;;;;;0
;;;;;;;;;;;;;;;1,343998607;2;2;       +;;;;;;          -;          -;          -;1;       +;1;;0;;;;;;;;;;;;;;;;;;;;;;;;;;;;;;;;;;;;;;;;;;;;;;;;;;
;;;;;;;;;;;;;;;1,448896059;2;2;       +;;;;;;          -;       -;          -;1;         +;1;;0;;;;;;;;;;;;;;;;;;;;;;;;;;;;;;;;;;;;;;;;;;;;;;;;;;
;;;;;;;;;;;;;;;1,347303052;2;2;+;11;1;-;;         +;           -;           -;           -;0;              -;              +;;0;;;;;;;;;;;;;;;;;;;;;;;;;;;;;;;;;;;;;;;;;;;;;;;;;;0
;;;;;;;;;;;;;;;1,127070823;1;1;       +;;;;;;          -;       -;          -;3;       +;1;;50;;;;;;;;;;;;;;;;;;;;;;;;;;;;;;;;50;;;;;;;;;;;;;;;;;;
;;;;;;;;;;;;;;;1,5296;1;2;+;8;1;-;;+;-;-;-;0;+;-;;0;;;;;;;;;;;;;;;;;;;;;;;;;;;;;;;;;;;;;;;;;;;;;;;;;;0
;;;;;;;;;;;;;;;1,5808;1;2;+;12;1;-;; +;-;-;-;0;+;+;deformed spine;80;;;;;;;;;;;;;;;1;;;;;;;;;;;;;;;;;79;;;;;;;;;;;;;;;;4 x fisk;;1
;;;;;;;;;;;;;;;1,4208;2;2;       +;;;;;;          -;       -;          -;3;       +;1;;80;;;;;;;;;;;;;;;;;;;;;;;;;;;;;;;;;80;;;;;;;;;;;;;;;Nipiggetstingsild;;
;;;;;;;;;;;;;;;1,349746248;2;2;+;14;1;13;;+;-;-;-;1;+;-;;0;;;;;;;;;;;;;;;;;;;;;;;;;;;;;;;;;;;;;;;;;;;;;;;;;;0
;;;;;;;;;;;;;;;1,299755646;1;2;       +;;;;;;          -;       -;          -;2;       +;1;;5;;;;;;;;;;;;;;;;;;;;;;;;3;;;;;;;;2;;;;;;;;;;;;;;;;;;
;;;;;;;;;;;;;;;1,293506821;2;2;+;12;1;-;;       +;           -;           -;           -;4;        +;        +;;40;;;;;;;;;;;1;;;;;;;;;;;;;35;;;;;;;;4;;;;;;;;;;;;;;;;fiskerest;;1
;;;;;;;;;;;;;;;1,364679633;1;2;       +;;;;;;          -;       -;          -;1;       +;1;;0;;;;;;;;;;;;;;;;;;;;;;;;;;;;;;;;;;;;;;;;;;;;;;;;;;
;;;;;;;;;;;;;;;1,370854654;1;2;       +;;;;;;        -;        -;        -;2;        +;1;;0;;;;;;;;;;;;;;;;;;;;;;;;;;;;;;;;;;;;;;;;;;;;;;;;;;
;;;;;;;;;;;;;;;1,346154571;1;2;+;10;1;-;;-;-;-;-;0;+;-;;60;;;;;;;;;;;;;;;;5;;;;;;;;;;;;;;;;;55;;;;;;;;;;;;;;;;;
;;;;;;;;;;;;;;;1,389379717;1;2;+;13;1;-;; +;-;-;-;1;+;+;;90;;;;;;;;;;;;;;;;;;;;;;;;;;;;;;;;;70;;;;;;;;;;;20;;;;17 x små stingsild. Planterester;;1
;;;;;;;;;;;;;;;1,421853237;1;2;+;11;1;-;;        +;-;-;-;1;+;+;;0;;;;;;;;;;;;;;;;;;;;;;;;;;;;;;;;;;;;;;;;;;;;;;;;;;0
;;;;;;;;;;;;;;;1,464569858;2;2;+;12;1;-;;-;-;-;-;0;+;-;;0;;;;;;;;;;;;;;;;;;;;;;;;;;;;;;;;;;;;;;;;;;;;;;;;;;
;;;;;;;;;;;;;;;1,116734517;1;1;+;10;1;-;; +;-;-;-;17;+;+;;10;;;;;;;;;1;;;;;;;;;;;;;1;;;;;;;;;;7;;;;;;;;;;;;1;;;;Snegl;;1
;;;;;;;;;;;;;;;1,379136617;1;2;+;10;1;11;;-;-;-;-;2;+;-;;20;;;;;;;;;;;;;;;5;;;;;;;;;;;;;;;;;15;;;;;;;;;;;;;;;;rest;;
;;;;;;;;;;;;;;;1,23029604;1;1;+;11;1;-;; +;-;-;-;3;+;+;;0;;;;;;;;;;;;;;;;;;;;;;;;;;;;;;;;;;;;;;;;;;;;;;;;;;0
;;;;;;;;;;;;;;;1,507715735;1;2;+;12;1;13;;         +;           -;           -;           -;0;              -;              +;;0;;;;;;;;;;;;;;;;;;;;;;;;;;;;;;;;;;;;;;;;;;;;;;;;;;0
;;;;;;;;;;;;;;;1,387098476;1;2;+;12;1;-;;-;-;-;-;1;+;-;;5;;;;;;;;;;;;;;;5;;;;;;;;;;;;;;;;;;;;;;;;;;;;;;;;;;;
;;;;;;;;;;;;;;;1,376867294;2;2;       +;;;;;;          -;       -;          -;       -;       +;1;;0;;;;;;;;;;;;;;;;;;;;;;;;;;;;;;;;;;;;;;;;;;;;;;;;;;
;;;;;;;;;;;;;;;1,138448715;2;2;       +;;;;;;        -;        -;        -;26;        +;1;;0;;;;;;;;;;;;;;;;;;;;;;;;;;;;;;;;;;;;;;;;;;;;;;;;;;
;;;;;;;;;;;;;;;1,400709152;1;2;+;13;1;-;; +;-;-;-;4;+;+;;10;;;;;;;;;;;1;;;;;;;;;;;;;;;;;;;;;6;;;;;;;;;;;;3;;;;Planterest og fiskerest;;1
;;;;;;;;;;;;;;;1,567047882;2;2;+;13;1;-;;-;-;-;-;1;+;-;;0;;;;;;;;;;;;;;;;;;;;;;;;;;;;;;;;;;;;;;;;;;;;;;;;;;
;;;;;;;;;;;;;;;1,40798663;1;2;+;13;1;-;; +;-;-;-;0;+;+;;20;;;;;;;;;;;;;;;;20;;;;;;;;;;;;;;;;;;;;;;;;;;;;;;;;;;0
;;;;;;;;;;;;;;;1,437442418;1;2;+;12;1;-;;        +;-;-;-;1;+;+;;50;;;;;;;;;;;;;;;25;15;;;;;;;;;;;;;;;;;;;;;;;;;;;;10;;;;Planterest;;0
;;;;;;;;;;;;;;;1,426615593;2;2;+;13;1;-;;        +;-;-;-;1;+;+;;0;;;;;;;;;;;;;;;;;;;;;;;;;;;;;;;;;;;;;;;;;;;;;;;;;;0
;;;;;;;;;;;;;;;1,18787584;1;1;       +;;;;;;          -;       -;          -;1;       +;1;;0;;;;;;;;;;;;;;;;;;;;;;;;;;;;;;;;;;;;;;;;;;;;;;;;;;
;;;;;;;;;;;;;;;1,414969751;1;2;+;8;1;-;;         +;           -;           -;           -;2;              +;                 +;;20;;;;;;;;;;;5;;;;;;;;;;;;;15;;;;;;;;;;;;;;;;;;;;;;;;;;0
;;;;;;;;;;;;;;;1,147115395;2;2;       +;;;;;;          -;       -;          -;6;       +;1;;90;;;;;;;;;;;;;;;;10;;;;;;;;;;;;;;;;;80;;;;;;;;;;;;;;;Nipiggetstingsild;;
;;;;;;;;;;;;;;;1,44468921;1;2;+;13;1;12;;         +;           -;           -;           -;3;              +;                 +;;0;;;;;;;;;;;;;;;;;;;;;;;;;;;;;;;;;;;;;;;;;;;;;;;;;;0
;;;;;;;;;;;;;;;1,20870412;1;1;       +;;;;;;          -;       -;          -;5;       +;1;;0;;;;;;;;;;;;;;;;;;;;;;;;;;;;;;;;;;;;;;;;;;;;;;;;;;
;;;;;;;;;;;;;;;1,329574532;1;2;+;14;1;15;;         +;           -;           -;           -;12;              +;                 +;;20;;;;;;;;;;;;;;;;;;;;;;;;;;;;;;;;20;;;;;;;;;;;;;;;;rest;;1
;;;;;;;;;;;;;;;1,558944015;1;2;       +;;;;;;          -;       -;          -;2;       +;1;;40;;;;;;;;;;;;;;;1;;;;;;;;;;;;;;;;;;39;;;;;;;;;;;;;;;Nipiggetstingsild;;
;;;;;;;;;;;;;;;1,406107377;2;2;+;14;1;-;; +;-;-;-;0;+;+;;10;;;;;;;;;;;;;;;2;3;;;;;;;;;;;;;;;;5;;;;;;;;;;;;;;;;;;1
;;;;;;;;;;;;;;;1,406107377;1;2;+;11;1;-;;         +;           -;           -;           -;4;              +;                 +;;90;;;;;;;;;;;;;;;;;;;;;;;;;;;;;;;;;20;;;;70;;;;;;;;;;;"70% abbor; 20 % nipiggastingsild";;1
;;;;;;;;;;;;;;;1,23994091;1;1;+;13;1;-;; +;-;-;-;2;+;+;;10;;;;;;;;;;;;;;;;;;;;;2;;;;;;;;;;;8;;;;;;;;;;;;;;;;;;1
;;;;;;;;;;;;;;;1,364149414;1;2;+;10;1;-;;       +;           -;           -;           -;4;        +;        +;TJÆREBUKTA;50;;;;;;;;;;;;;;;;40;;;;;;;;;;;;;;;;;10;;;;;;;;;;;;;;;Nipigget stingsild;;1
;;;;;;;;;;;;;;;1,423932855;2;2;       +;;;;;;          -;       -;          -;4;       +;1;;60;;;;;;;;;;;;;;;10;10;;;;;;;;;;;;;;;;40;;;;;;;;;;;;;;;;rest;;
;;;;;;;;;;;;;;;1,304365974;1;2;+;12;1;13;;         +;           -;           -;           -;2;              +;                 +;;100;;;;;;;;;;;;;;;;;;;;;;;;;;;;;;;;;;;;;100;;;;;;;;;;;abbor;;1
;;;;;;;;;;;;;;;1,300402346;1;1;+;11;1;-;;        +;-;-;-;0;+;+;;0;;;;;;;;;;;;;;;;;;;;;;;;;;;;;;;;;;;;;;;;;;;;;;;;;;0
;;;;;;;;;;;;;;;1,273534529;1;2;+;13;1;12;;       +;           -;           -;           -;6;        +;        +;;5;;;;;;;;;;;;;;;2;;;;;;;;;;;;;;;;;3;;;;;;;;;;;;;;;;fiskerest;;1
;;;;;;;;;;;;;;;1,332643726;1;2;       +;;;;;;          -;       -;          -;0;         +;1;;40;;;;;;;;;;;;;;;5;;;;;;;;;;;;;;;;;35;;;;;;;;;;;;;;;;rest;;
;;;;;;;;;;;;;;;1,381428584;1;2;+;13;1;14;;       +;           -;           -;           -;14;        +;        +;;40;;;;;;;;;;;;;;;10;;;;;;;;;;;;;;;;;;30;;;;;;;;;;;;;;;Nippastingsild;;1
;;;;;;;;;;;;;;;1,381902029;1;2;+;13;1;-;; +;-;-;-;0;+;+;;0;;;;;;;;;;;;;;;;;;;;;;;;;;;;;;;;;;;;;;;;;;;;;;;;;;0
;;;;;;;;;;;;;;;1,418267872;1;2;+;12;1;11;;+;-;-;-;1;+;-;;0;;;;;;;;;;;;;;;;;;;;;;;;;;;;;;;;;;;;;;;;;;;;;;;;;;0
;;;;;;;;;;;;;;;1,288389862;2;2;+;18;1;-;vanskelig, tette soner;+;-;-;-;2;+;-;;0;;;;;;;;;;;;;;;;;;;;;;;;;;;;;;;;;;;;;;;;;;;;;;;;;;0
;;;;;;;;;;;;;;;1,178682111;1;2;+;11;1;10;;         +;           -;           -;           -;2;              +;                 +;;0;;;;;;;;;;;;;;;;;;;;;;;;;;;;;;;;;;;;;;;;;;;;;;;;;;0
;;;;;;;;;;;;;;;1,356500533;2;2;       +;;;;;;          -;       -;          -;1;       +;1;;0;;;;;;;;;;;;;;;;;;;;;;;;;;;;;;;;;;;;;;;;;;;;;;;;rest;;
;;;;;;;;;;;;;;;1,427627902;1;2;+;14;1;15;;       +;           -;           -;           -;2;        +;        +;;50;;;;;;;;;;;;;;;;;;;;;;;;40;;;;;;;;10;;;;;;;;;;;;;;;;uid fiskerest;;1
;;;;;;;;;;;;;;;1,828914954;1;2;+;13;1;-;;        +;-;-;-;3;+;+;;0;;;;;;;;;;;;;;;;;;;;;;;;;;;;;;;;;;;;;;;;;;;;;;;;;;0
;;;;;;;;;;;;;;;1,376710708;1;2;+;12;1;-;vanskelig;-;-;-;-;5;+;-;;90;;;;;;;;;;;;;;;;;;;;;;;;;;;;;;;;;90;;;;;;;;;;;;;;;;;
;;;;;;;;;;;;;;;1,232380928;1;2;+;17;1;-;;+;-;-;-;11;+;-;;0;;;;;;;;;;;;;;;;;;;;;;;;;;;;;;;;;;;;;;;;;;;;;;;;;;0
;;;;;;;;;;;;;;;1,262196596;1;2;+;12;1;-;;+;-;-;-;0;+;-;;0;;;;;;;;;;;;;;;;;;;;;;;;;;;;;;;;;;;;;;;;;;;;;;;;;;0
;;;;;;;;;;;;;;;1,351643599;1;2;       +;;;;;;          -;       -;          -;2;       +;1;;90;;;;;;;;;;;;;;;;;;;;;;;;;;;;;;;;;;;;90;;;;;;;;;;;;Coreg;;
;;;;;;;;;;;;;;;1,366012368;1;2;+;11;1;-;;-;-;-;-;3;+;-;;0;;;;;;;;;;;;;;;;;;;;;;;;;;;;;;;;;;;;;;;;;;;;;;;;;;
;;;;;;;;;;;;;;;1,229897256;1;2;       +;;;;;;        -;        -;        -;3;        +;1;;80;;;;;;;;;;;;;;;;;;;;;;;;;;;;;;;;80;;;;;;;;;;;;;;;;rest;;
;;;;;;;;;;;;;;;1,492404971;2;2;       +;;;;;;          -;       -;          -;3;         +;1;;90;;;;;;;;;;;;;;;5;15;;;;;;;;;;;;;;;;;70;;;;;;;;;;;;;;;Nipiggetstingsild;;
;;;;;;;;;;;;;;;1,779113449;1;2;       +;;;;;;          -;       -;          -;2;       +;1;;0;;;;;;;;;;;;;;;;;;;;;;;;;;;;;;;;;;;;;;;;;;;;;;;;;;
;;;;;;;;;;;;;;;1,365589782;2;2;+;14;1;-;;       +;           -;           -;           -;11;        +;        +;;30;;;;;;;;;;;;;;;;;;;;;;;;;;;;;;;;;30;;;;;;;;;;;;;;;Nipiggastingsild;;1
;;;;;;;;;;;;;;;1,298480407;1;2;       +;;;;;;          -;       -;          -;4;       +;1;;0;;;;;;;;;;;;;;;;;;;;;;;;;;;;;;;;;;;;;;;;;;;;;;;;;;
;;;;;;;;;;;;;;;1,28896773;2;2;+;16;1;-;; +;-;-;-;1;+;+;;10;;;;;;;;;;;2;;;;;;;;;;;;;;;;;;;;;5;;;;;;;;;;;;3;;;;Ryggmarg. Planterest;;1
;;;;;;;;;;;;;;;1,373054033;1;2;+;16;1;-;mulig eldre;+;-;-;-;22;+;-;FG: 100 % lagesild > 105 mm + coregonide > 50 mm;100;;;;;;;;;;;;;;;;;;;;;;;;;;;;;;;;65;;;35;;;;;;;;;;;;;100 % lagesild > 105 mm + coregonide > 50 mm;;1
;;;;;;;;;;;;;;;1,547129502;1;2;       +;;;;;;          -;       -;          -;2;       +;1;;90;;;;;;;;;;;;;;;;;;;;;;;;;;;;;;;;;;;;90;;;;;;;;;;;;Coregonide;;
;;;;;;;;;;;;;;;1,425838192;1;2;       +;;;;;;          -;       -;          -;1;       +;1;;80;;;;;;;;;;;;;;;;;;;;;;;;;;;;;;;;;;;;80;;;;;;;;;;;;Coregonide;;
;;;;;;;;;;;;;;;1,329545046;1;2;+;14;1;15;;         +;           -;           -;           -;9;              +;                 +;Cyster på lever;0;;;;;;;;;;;;;;;;;;;;;;;;;;;;;;;;;;;;;;;;;;;;;;;;;;0
;;;;;;;;;;;;;;;1,433204491;1;2;+;16;1;-;;+;-;-;-;6;+;-;;0;;;;;;;;;;;;;;;;;;;;;;;;;;;;;;;;;;;;;;;;;;;;;;;;;;0
;;;;;;;;;;;;;;;1,226550657;2;2;+;15;1;16;vanskelig;       +;           -;           -;           -;3;        +;        +;;0;;;;;;;;;;;;;;;;;;;;;;;;;;;;;;;;;;;;;;;;;;;;;;;;;;0
;;;;;;;;;;;;;;;1,235374762;1;1;+;16;1;-;;+;-;-;-;8;+;-;;0;;;;;;;;;;;;;;;;;;;;;;;;;;;;;;;;;;;;;;;;;;;;;;;;;;0
;;;;;;;;;;;;;;;1,486861767;1;2;+;16;1;-;; +;-;-;-;5;+;+;;30;;;;;;;;;;;;;;;;5;;;;;;;;;;;;;;;;25;;;;;;;;;;;;;;;;Godt fordøyd;;1
;;;;;;;;;;;;;;;1,376560449;1;2;+;15;1;14;;         +;           -;           -;           -;6;              +;                 +;;30;;;;;;;;;;;;;;;;;;;;;;;;30;;;;;;;;;;;;;;;;;;;;;;;;;;0
;;;;;;;;;;;;;;;1,310379658;2;2;+;12;1;-;vanskelig;       +;           -;           -;           -;0;        +;        +;;100;;;;;;;;;;;;;;;;;;;;;;;;;;;;;;;;;;;;;;;;100;;;;;;;;Gjedde ;;1
;;;;;;;;;;;;;;;1,42985966;1;2;       +;;;;;;          -;       -;          -;0;       +;1;;0;;;;;;;;;;;;;;;;;;;;;;;;;;;;;;;;;;;;;;;;;;;;;;;;;;
;;;;;;;;;;;;;;;1,304584947;1;2;+;13;1;-;;       +;           -;           -;           -;3;        +;        +;;20;;;;;;;;;;;;;;;;;;;;;;;;;;;;;;;;;20;;;;;;;;;;;;;;;Nipiggastingsild;;1
;;;;;;;;;;;;;;;1,378021847;1;2;+;12;1;-;;        +;-;-;-;2;+;+;;30;;;;;;;;;;;;;;;;30;;;;;;;;;;;;;;;;;;;;;;;;;;;;;;;;Null skall rester. Kun snegle. Lignet damsnegl i form.;;0
;;;;;;;;;;;;;;;1,33482367;1;2;       +;;;;;;          -;       -;          -;2;         +;1;;80;;;;;;;;;;;;;;;5;10;;;;;;;;;;;;;;;;;65;;;;;;;;;;;;;;;Nipiggetstingsild;;
;;;;;;;;;;;;;;;1,33482367;1;2;       +;;;;;;          -;       -;          -;0;       +;1;;90;;;;;;;;;;;;;;;;;;;;;;;;;;;;;;;;;;;;90;;;;;;;;;;;;Coregonide;;
;;;;;;;;;;;;;;;1,449110819;1;2;       +;;;;;;          -;       -;          -;1;       -;0;;0;;;;;;;;;;;;;;;;;;;;;;;;;;;;;;;;;;;;;;;;;;;;;;;;;;
;;;;;;;;;;;;;;;1,751276221;1;2;       +;;;;;;          -;          -;          -;1;       -;0;;5;;;;;;;;;;;;;;;;;;;;;;;;;;;;;;;;5;;;;;;;;;;;;;;;;rest;;
;;;;;;;;;;;;;;;1,590765389;1;2;+;12;1;-;;        +;-;-;-;1;+;+;;0;;;;;;;;;;;;;;;;;;;;;;;;;;;;;;;;;;;;;;;;;;;;;;;;;;0
;;;;;;;;;;;;;;;1,20973243;2;2;+;15;1;-;;       +;           -;           -;           -;9;        +;        +;;0;;;;;;;;;;;;;;;;;;;;;;;;;;;;;;;;;;;;;;;;;;;;;;;;;;0
;;;;;;;;;;;;;;;1,283365452;2;2;+;15;1;-;;       +;           -;           -;           -;2;        +;        +;;0;;;;;;;;;;;;;;;;;;;;;;;;;;;;;;;;;;;;;;;;;;;;;;;;;;0
;;;;;;;;;;;;;;;1,38177047;1;2;       +;;;;;;          -;       -;          -;3;       +;1;;0;;;;;;;;;;;;;;;;;;;;;;;;;;;;;;;;;;;;;;;;;;;;;;;;;;
;;;;;;;;;;;;;;;1,480175489;1;2;       +;;;;;;          -;          -;          -;2;       -;0;;80;;;;;;;;;;;;;;;;9;;;;;;;;1;;;;;;;;70;;;;;;;;;;;;;;;;rest;;
;;;;;;;;;;;;;;;1,242363361;2;2;       +;;;;;;          -;       -;          -;2;       +;1;;90;;;;;;;;;;;;;;;1;4;;;;;;;;;;;;;;;;;85;;;;;;;;;;;;;;;Nipiggetstingsild;;
;;;;;;;;;;;;;;;1,318877302;1;2;       +;;;;;;          -;       -;          -;0;       +;1;;10;;;;;;;;;;;;;;;;;;;;;;;;;;;;;;;;10;;;;;;;;;;;;;;;;;;
;;;;;;;;;;;;;;;1,445952233;2;2;       +;;;;;;          -;       -;          -;4;         +;1;;90;;;;;;;;;;;;;;;;10;;;;;;;;;;;;;;;;;75;;;;;;;;;;;5;;;;Plante. Nipiggetstingsild;;
;;;;;;;;;;;;;;;1,228444721;1;2;+;14;1;-;; +;-;-;-;3;+;+;;0;;;;;;;;;;;;;;;;;;;;;;;;;;;;;;;;;;;;;;;;;;;;;;;;;;0
;;;;;;;;;;;;;;;1,228444721;1;2;       +;;;;;;          -;       -;          -;7;       +;1;;0;;;;;;;;;;;;;;;;;;;;;;;;;;;;;;;;;;;;;;;;;;;;;;;;;;
;;;;;;;;;;;;;;;1,431197733;1;2;       +;;;;;;          -;       -;          -;10;       +;1;;50;;;;;;;;;;;;;;;2;8;;;;;;;;;;;;;;;;40;;;;;;;;;;;;;;;;rest;;
;;;;;;;;;;;;;;;1,396967691;1;1;       +;;;;;;          -;       -;          -;       -;       +;1;;0;;;;;;;;;;;;;;;;;;;;;;;;;;;;;;;;;;;;;;;;;;;;;;;;;;
;;;;;;;;;;;;;;;1,290719444;1;2;+;17;1;-;; +;-;-;-;0;+;+;;30;;;;;;;;;;;;;;;;;;;;;;;;;;;;;;;;25;;;;;;;;;;;;5;;;;Planterest;;1
;;;;;;;;;;;;;;;1,412708172;1;1;       +;;;;;;          -;       -;          -;       -;       +;1;;70;;;;;;;;;;;;;;;;20;;;;;;;;;;;;;;;;50;;;;;;;;;;;;;;;;rest;;
;;;;;;;;;;;;;;;1,265952215;1;2;+;14;1;13;;       +;           -;           -;           -;4;        +;        +;;0;;;;;;;;;;;;;;;;;;;;;;;;;;;;;;;;;;;;;;;;;;;;;;;;;;0
;;;;;;;;;;;;;;;1,180256988;2;2;+;14;1;-;; +;-;-;-;5;+;+;;50;;;;;;;;;;;;;;;;;;;;;;;;;;;;;;;;;;;;;;;;;;;;;;;;;;0
;;;;;;;;;;;;;;;1,38670458;1;2;+;14;1;-;;-;-;-;-;0;+;-;;100;;;;;;;;;;;;;;;7;3;;;;;;;;;;;;;;;;;90;;;;;;;;;;;;;;;;;
;;;;;;;;;;;;;;;0,580195345;2;2;+;7;1;-;; +;-;-;-;0;+;+;;60;;;;;;;;;;;;;;;;;;;;;;;;;;;;;;;;60;;;;;;;;;;;;;;;;;;1
;;;;;;;;;;;;;;;1,541740819;1;2;       +;;;;;;        -;        -;        -;1;        +;1;;0;;;;;;;;;;;;;;;;;;;;;;;;;;;;;;;;;;;;;;;;;;;;;;;;;;
;;;;;;;;;;;;;;;1,365460997;1;2;+;15;1;-;;       +;           -;           -;           -;6;        +;        +;;0;;;;;;;;;;;;;;;;;;;;;;;;;;;;;;;;;;;;;;;;;;;;;;;;;;0
;;;;;;;;;;;;;;;1,163447589;2;2;       +;;;;;;          -;       -;          -;16;         +;1;;100;;;;;;;;;;;;;;;2;3;;;;;;;;;;;;;;;;95;;;;;;;;;;;;;;;;Rest;;
;;;;;;;;;;;;;;;1,296296296;1;2;+;13;1;12;;+;-;-;-;5;+;-;;0;;;;;;;;;;;;;;;;;;;;;;;;;;;;;;;;;;;;;;;;;;;;;;;;;;0
;;;;;;;;;;;;;;;1,496100184;1;2;+;16;1;-;;       +;           -;           -;           -;1;        +;        +;;0;;;;;;;;;;;;;;;;;;;;;;;;;;;;;;;;;;;;;;;;;;;;;;;;;;0
;;;;;;;;;;;;;;;1,686779619;1;2;       +;;;;;;          -;          -;          -;1;       -;0;;0;;;;;;;;;;;;;;;;;;;;;;;;;;;;;;;;;;;;;;;;;;;;;;;;;;
;;;;;;;;;;;;;;;1,378758993;1;2;+;12;1;-;;         +;           -;           -;           -;5;              +;                 +;;50;;;;;;;;;;;;;;;5;;;;;;;;;45;;;;;;;;;;;;;;;;;;;;;;;;;;0
;;;;;;;;;;;;;;;1,408094291;1;1;+;12;1;-;; +;-;-;-;2;+;+;;100;;;;;;;;;;;;;;;;;;;;;;;;;;;;;;;;;;;;;;;;100;;;;;;;;<10 cm Gjedde.;;1
;;;;;;;;;;;;;;;1,455885222;1;2;       +;;;;;;          -;       -;          -;1;       +;1;;70;;;;;;;;;;;;;;;3;7;;;;;;;;;;;;;;;;;60;;;;;;;;;;;;;;;Nipiggetstingsild;;
;;;;;;;;;;;;;;;1,34190138;1;1;       +;;;;;;          -;       -;          -;       -;       +;1;;90;;;;;;;;;;;;;;;;;;;;;;;;;;;;;;;;30;;;;60;;;;;;;;;;;;60% coreg? 30% stingsild;;
;;;;;;;;;;;;;;;1,569704266;2;2;+;16;1;-;;+;-;-;-;0;+;-;;100;;;;;;;;;;;;;;;;;;;;;;;;;;;;;;;;;;;100;;;;;;;;;;;;;;;1
;;;;;;;;;;;;;;;1,371039867;1;2;+;13;1;-;;        +;-;-;-;1;+;+;;2;;;;;;;;;;;;;;;;;;;;;;;;;;;;;;;;;;;;;;;;;;;;;;;2;Helt fordøyd. Svarte prikker.;;0
;;;;;;;;;;;;;;;1,395711535;1;1;       +;;;;;;          -;       -;          -;       -;       +;1;;70;;;;;;;;;;;;;;;;40;;;;;;;;;;;;;;;;30;;;;;;;;;;;;;;;;rest;;
;;;;;;;;;;;;;;;1,559130234;1;2;+;15;1;14;;+;-;-;-;12;+;-;;80;;;;;;;;;;;;;;;;;;;;;;;;;;;;;;;;80;;;;;;;;;;;;;;;;Coregonus? Ikke stingsild;;1
;;;;;;;;;;;;;;;1,50663816;1;2;+;13;1;12;;       +;           -;           -;           -;6;        +;        +;;0;;;;;;;;;;;;;;;;;;;;;;;;;;;;;;;;;;;;;;;;;;;;;;;;;;0
;;;;;;;;;;;;;;;1,521359893;1;2;+;19;1;20;Mulig 20;        +;-;-;-;0;+;+;;50;;;;;;;;;;;;;;;;;;;;;;;;10;;;;;;;;40;;;;;;;;;;;;;;;;;;1
;;;;;;;;;;;;;;;1,526113091;1;2;+;15;1;-;;       +;           -;           -;           -;7;        +;        +;;0;;;;;;;;;;;;;;;;;;;;;;;;;;;;;;;;;;;;;;;;;;;;;;;;;;0
;;;;;;;;;;;;;;;1,366143165;1;2;+;12;1;-;;        +;-;-;-;0;+;+;;30;;;;;;;;;;;;;;;;;;;;;;;;;;;;;;;;30;;;;;;;;;;;;;;;;;;1
;;;;;;;;;;;;;;;1,292556999;1;2;       +;;;;;;          -;       -;          -;1;       +;1;;90;;;;;;;;;;;;;;;5;;;;;;;;;5;;;;;;;;;80;;;;;;;;;;;;;;;Nipiggetstingsild;;
;;;;;;;;;;;;;;;1,253209522;1;2;       +;;;;;;        -;        -;        -;0;        +;1;;0;;;;;;;;;;;;;;;;;;;;;;;;;;;;;;;;;;;;;;;;;;;;;;;;;;
;;;;;;;;;;;;;;;1,208496094;1;2;+;13;1;12;;       +;           -;           -;           -;2;        +;        +;;30;;;;;;;;;;;;;;;;30;;;;;;;;;;;;;;;;;;;;;;;;;;;;;;;;;;0
;;;;;;;;;;;;;;;1,454714395;1;2;       +;;;;;;          -;       -;          -;6;       +;1;;0;;;;;;;;;;;;;;;;;;;;;;;;;;;;;;;;;;;;;;;;;;;;;;;;;;
;;;;;;;;;;;;;;;1,545300002;1;2;       +;;;;;;          -;       -;          -;4;       +;1;;0;;;;;;;;;;;;;;;;;;;;;;;;;;;;;;;;;;;;;;;;;;;;;;;;;;
